EXPOCODE,Cruise_ID,Station_ID,Niskin_ID,Year_UTC,Month_UTC,Day_UTC,Time_UTC,Latitude,Longitude,CTDPRES,Depth,CTDTEMP_ITS90,CTDSAL_PSS78,alkalinity,TA_only,dic_corrected,DIC_only
,SO289,01,3.0,2022.0,2.0,23.0,17:18:30,-33.60752,-71.72898,99.8,99.1,11.4842,34.6036,2286.67971505056,,2294.4490418150403,
,SO289,01,15.0,2022.0,2.0,23.0,17:22:55,-33.60752,-71.729,6.7,6.7,14.2384,34.3438,2279.809503266782,,2147.5353042456363,
,SO289,10,3.0,2022.0,2.0,28.0,18:34:02,-32.49818,-81.9992,3994.7,3929.7,1.657,34.7019,2406.817853287975,,2310.83989140836,
,SO289,10,6.0,2022.0,2.0,28.0,18:56:20,-32.49814,-81.99924,2782.7,2745.0,1.8286,34.6796,2402.901096173297,,2315.378793720604,
,SO289,10,9.0,2022.0,2.0,28.0,19:24:21,-32.49814,-81.99926,1211.7,1199.7,3.3203,34.5115,2348.598295638278,,2280.159322790791,
,SO289,10,12.0,2022.0,2.0,28.0,19:35:41,-32.4982,-81.9992,606.5,601.4,5.4712,34.2494,2272.416705917296,,2176.685283535611,
,SO289,10,15.0,2022.0,2.0,28.0,19:42:53,-32.49826,-81.9991,255.0,253.0,9.7893,34.4465,2268.379195801641,,2254.362370376666,
,SO289,10,16.0,2022.0,2.0,28.0,19:44:23,-32.49824,-81.99908,204.2,202.7,10.2511,34.1798,2258.3955832419174,,2188.4119776080265,
,SO289,10,19.0,2022.0,2.0,28.0,19:46:50,-32.4982,-81.99908,104.7,103.9,13.3596,34.1222,2258.923535052419,,2073.8083093163973,
,SO289,10,23.0,2022.0,2.0,28.0,19:53:17,-32.49818,-81.99916,7.0,6.9,19.9156,34.4461,2280.3012934476355,,2040.573374587848,
,SO289,11,1.0,2022.0,3.0,1.0,14:20:41,-32.5002,-85.00054,3833.0,3772.0,1.6646,34.7017,2395.2583542892407,,2308.5402775044704,
,SO289,11,7.0,2022.0,3.0,1.0,14:55:07,-32.5002,-85.00046,2121.2,2095.7,2.1405,34.6439,2385.1954210445133,,2310.209826797556,
,SO289,11,12.0,2022.0,3.0,1.0,15:16:35,-32.50024,-85.00042,1111.0,1100.3,3.52,34.4591,2319.8134169050686,,2271.9539691701366,
,SO289,11,15.0,2022.0,3.0,1.0,15:28:18,-32.50026,-85.00034,605.7,600.6,5.5197,34.2547,2272.1161919182105,,2174.4330783112287,
,SO289,11,19.0,2022.0,3.0,1.0,15:38:57,-32.50018,-85.00032,354.7,351.9,8.1274,34.3332,2267.924924298244,,2206.6320314862123,
,SO289,12,5.0,2022.0,3.0,2.0,09:17:35,-32.49782,-87.9996,3710.1,3652.1,1.6838,34.7006,2395.522820516331,,2305.2160374780747,
,SO289,12,14.0,2022.0,3.0,2.0,09:41:21,-32.49792,-87.99962,2630.6,2595.9,1.8365,34.6795,2382.509690476925,,2298.590939984284,
,SO289,12,6.0,2022.0,3.0,2.0,19:09:58,-32.49802,-87.99978,557.3,552.6,5.7178,34.2548,2279.9606275025,,2169.419716627958,
,SO289,12,9.0,2022.0,3.0,2.0,19:16:33,-32.49799,-87.99976,355.2,352.4,7.4922,34.294,2269.962297689672,,2193.2304232188226,
,SO289,12,15.0,2022.0,3.0,2.0,19:22:33,-32.49802,-87.99976,204.1,202.5,12.0238,34.1687,2267.6829204814403,,2103.213214846156,
,SO289,12,24.0,2022.0,3.0,2.0,19:32:26,-32.49802,-87.99978,8.6,8.5,20.9382,34.8133,2307.56193899267,,2056.2802443380747,
,SO289,13,6.0,2022.0,3.0,3.0,10:31:19,-32.49998,-90.99824,2630.7,2596.0,1.7914,34.6837,2386.7311964874634,,2298.310410757726,
,SO289,13,11.0,2022.0,3.0,3.0,10:57:43,-32.49998,-90.99832,1312.7,1299.4,3.2153,34.5327,2353.557492794039,,2291.538239459884,
,SO289,13,16.0,2022.0,3.0,3.0,11:18:01,-32.50006,-90.99838,404.9,401.7,6.7293,34.293,2268.0082500164085,,2190.2625787720644,
,SO289,13,18.0,2022.0,3.0,3.0,11:22:46,-32.50004,-90.99838,204.2,202.6,11.7396,34.1866,2258.1905628898216,,2093.926117615445,
,SO289,13,24.0,2022.0,3.0,3.0,11:31:18,-32.50004,-90.99836,8.2,8.1,21.4462,34.8155,2315.095816422038,,2040.132088022856,
,SO289,14,15.0,2022.0,3.0,4.0,05:36:24,-32.4998,-94.00096,355.3,352.5,8.0541,34.2815,,2276.670375129449,,2169.8465383183616
,SO289,14,20.0,2022.0,3.0,4.0,05:45:23,-32.49974,-94.00102,64.4,63.9,17.607,34.7121,,2162.8825821924024,,2055.7442292190854
,SO289,14,23.0,2022.0,3.0,4.0,05:49:09,-32.49966,-94.00098,9.0,8.9,22.2525,35.1948,2313.9045381315204,,2066.824721964544,
,SO289,15,1.0,2022.0,3.0,5.0,00:15:58,-32.50024,-97.00078,3855.2,3793.7,1.788,34.6995,,2392.542298108407,,2312.5751073322895
,SO289,15,7.0,2022.0,3.0,5.0,00:53:26,-32.50024,-97.00068,2122.6,2097.0,2.0249,34.6542,,2380.6225999876256,,2303.0793415675244
,SO289,15,11.0,2022.0,3.0,5.0,01:11:37,-32.50014,-97.00072,1312.9,1299.6,3.2331,34.5231,2347.826324403989,,2289.486205519672,
,SO289,15,15.0,2022.0,3.0,5.0,01:26:19,-32.50028,-97.00088,605.8,600.7,5.6575,34.2574,2273.9652518572434,,2157.5075652658325,
,SO289,16,5.0,2022.0,3.0,5.0,19:24:14,-32.50022,-100.00037,3650.3,3593.7,1.7797,34.6987,2389.8482997377687,,2303.2998975900146,
,SO289,16,14.0,2022.0,3.0,5.0,19:45:51,-32.50016,-100.00031,2629.3,2594.7,1.7946,34.6839,2385.8505481116763,,2300.671860203248,2308.4990489977686
,SO289,16,23.0,2022.0,3.0,5.0,20:20:36,-32.50024,-100.00024,1110.9,1100.2,3.7713,34.4113,,,,2252.6871756714286
,SO289,16,24.0,2022.0,3.0,5.0,20:26:50,-32.50022,-100.0002,807.9,800.7,5.0415,34.2684,2277.669542657193,,2176.9340659806894,
,SO289,16,6.0,2022.0,3.0,6.0,05:03:15,-32.5001,-100.00004,554.8,550.1,6.0855,34.278,2284.6274166008343,,2157.072729802346,
,SO289,16,9.0,2022.0,3.0,6.0,05:09:48,-32.5001,-100.00006,354.2,351.4,8.3928,34.2532,2263.950482620567,,2156.6504462588705,
,SO289,16,15.0,2022.0,3.0,6.0,05:16:17,-32.50007,-100.00008,202.7,201.1,14.0041,34.4858,2271.5179947120937,,2082.879385265272,
,SO289,16,24.0,2022.0,3.0,6.0,05:26:08,-32.5001,-100.00002,6.3,6.3,22.6105,35.2468,2328.6585800361195,,2065.771629029229,
,SO289,17,1.0,2022.0,3.0,6.0,20:21:39,-31.42744,-102.99872,3612.6,3557.3,1.8083,34.6971,2392.428008983083,,2297.361711342118,
,SO289,17,6.0,2022.0,3.0,6.0,20:47:12,-31.42748,-102.9988,2426.0,2395.4,1.8271,34.6742,2387.8920480798406,,2301.2340267037275,
,SO289,17,7.0,2022.0,3.0,6.0,20:51:38,-31.4274,-102.99872,2222.6,2195.6,1.9226,34.6643,2379.917977495996,,2299.0621437693308,
,SO289,17,11.0,2022.0,3.0,6.0,21:11:24,-31.4276,-102.99882,1310.6,1297.5,3.3443,34.5046,2329.4507178571494,,2276.294654548112,
,SO289,17,16.0,2022.0,3.0,6.0,21:31:32,-31.42744,-102.99868,404.2,401.0,7.6859,34.2876,2266.661428599537,,2156.50356502395,
,SO289,17,18.0,2022.0,3.0,6.0,21:36:38,-31.4275,-102.99876,202.9,201.4,15.1245,34.614,2292.00722387378,,2068.3755702023595,
,SO289,17,19.0,2022.0,3.0,6.0,21:39:05,-31.42752,-102.99876,102.8,102.1,16.5846,34.8247,2291.0849211657924,,2056.249924504676,
,SO289,17,24.0,2022.0,3.0,6.0,21:43:52,-31.42754,-102.99878,7.8,7.8,22.8993,35.2726,2318.1057822521275,,2061.994563830729,
,SO289,18,2.0,2022.0,3.0,7.0,14:41:33,-31.43038,-106.0002,3447.8,3396.2,1.8032,34.695,2390.9342185856112,,2297.154425716567,
,SO289,18,19.0,2022.0,3.0,7.0,15:46:57,-31.43034,-106.00016,354.0,351.2,9.16,34.3013,2264.526083412113,,2138.8237924442856,
,SO289,18,22.0,2022.0,3.0,7.0,15:55:14,-31.43032,-106.00012,63.2,62.8,19.0136,35.2133,2313.2002527594723,,2061.081508015463,
,SO289,19,5.0,2022.0,3.0,8.0,08:44:24,-31.42988,-108.00006,3038.0,2995.4,1.7871,34.6893,2385.1567833309,,2299.7619582684074,
,SO289,19,12.0,2022.0,3.0,8.0,09:04:24,-31.42998,-107.9999,2531.2,2498.6,1.7952,34.6778,2384.5648765006044,,2299.5830219800214,
,SO289,19,23.0,2022.0,3.0,8.0,09:41:01,-31.4299,-108.0,1111.1,1100.4,3.7383,34.3901,2305.9219630748494,,2236.8495854782896,
,SO289,19,24.0,2022.0,3.0,8.0,09:51:35,-31.42984,-108.00004,706.8,700.7,5.7308,34.2783,2274.8491757383395,,2161.2474561300546,
,SO289,19,5.0,2022.0,3.0,8.0,13:07:32,-31.42996,-107.9999,605.6,600.5,6.0786,34.2928,2288.150330011043,,2310.9626678311342,
,SO289,19,9.0,2022.0,3.0,8.0,13:13:12,-31.43,-107.99986,351.8,349.1,8.9478,34.3458,2293.8675118233105,,2265.300263167897,
,SO289,19,15.0,2022.0,3.0,8.0,13:17:06,-31.43,-107.99988,203.2,201.7,14.885,34.7713,2301.48883319166,,2087.1230773004904,
,SO289,19,17.0,2022.0,3.0,8.0,13:20:01,-31.43004,-107.9999,103.6,102.9,18.2561,35.1878,2313.006818560149,,2056.2100334410284,
,SO289,19,24.0,2022.0,3.0,8.0,13:24:52,-31.43,-107.99994,7.4,7.3,23.8795,35.5309,2346.870437153144,,2141.8789661234614,
,SO289,02,3.0,2022.0,2.0,23.0,22:20:35,-33.09024,-71.8253,157.6,156.4,11.1181,34.6789,2283.39768313919,,2287.559053018068,
,SO289,02,13.0,2022.0,2.0,23.0,22:35:12,-33.09018,-71.82524,6.9,6.8,14.4968,34.271,2266.4637296287383,,2131.5191403508584,
,SO289,20,2.0,2022.0,3.0,8.0,23:32:40,-31.43018,-110.00024,2679.6,2644.2,1.8196,34.6762,2385.9842697419344,,2297.6219735309605,
,SO289,20,18.0,2022.0,3.0,9.0,00:22:43,-31.43014,-110.0003,352.2,349.5,9.2387,34.3603,2268.1378854342643,,2135.099220230434,
,SO289,20,21.0,2022.0,3.0,9.0,00:32:14,-31.43014,-110.00032,62.3,61.9,21.3222,35.5611,2324.780158236472,,2058.57017929938,
,SO289,22,5.0,2022.0,3.0,9.0,20:51:42,-31.43028,-111.98982,604.9,599.8,6.1634,34.2977,2270.809411375624,,2157.4738389836307,2165.814253973779
,SO289,22,8.0,2022.0,3.0,9.0,20:57:09,-31.4303,-111.9898,353.2,350.4,9.1135,34.3662,2269.1717071514945,,2137.4775904138933,
,SO289,22,14.0,2022.0,3.0,9.0,21:01:32,-31.43028,-111.98972,202.4,200.9,14.1944,34.6727,2285.651735522297,,2091.7664808269287,
,SO289,22,16.0,2022.0,3.0,9.0,21:04:49,-31.43026,-111.98975,102.3,101.6,17.6733,35.0832,2300.627668804502,,2057.701089175679,
,SO289,22,23.0,2022.0,3.0,9.0,21:09:32,-31.43022,-111.98974,7.3,7.3,24.554,35.5246,2326.3971908218746,,2053.4103170613744,
,SO289,22,15.0,2022.0,3.0,10.0,04:52:17,-31.43002,-111.98996,2020.0,1996.4,2.0331,34.6488,2376.218652087417,,2295.206482827108,
,SO289,22,24.0,2022.0,3.0,10.0,05:16:24,-31.43006,-111.98996,1109.8,1099.2,3.828,34.3777,2303.509474686251,,2236.0659686798303,
,SO289,23,2.0,2022.0,3.0,10.0,15:24:34,-31.42988,-114.00022,2903.4,2863.6,1.7572,34.6774,2390.216401779041,,2298.3740321369573,2317.69262706616
,SO289,23,18.0,2022.0,3.0,10.0,16:19:06,-31.42994,-114.00022,353.6,350.9,10.6423,34.4582,2274.220140934195,,2124.28056159238,
,SO289,23,21.0,2022.0,3.0,10.0,16:26:59,-31.42996,-114.00022,62.8,62.3,21.588,35.7157,2349.018835989327,,2059.2326101806343,
,SO289,24,5.0,2022.0,3.0,11.0,09:12:01,-31.43,-116.00024,3351.2,3301.8,1.7439,34.6824,2396.942098005596,,2305.660622782047,
,SO289,24,15.0,2022.0,3.0,11.0,13:09:44,-31.43008,-116.00018,2022.3,1998.6,2.0728,34.641,2383.3745347137183,,2295.052665621516,
,SO289,24,24.0,2022.0,3.0,11.0,13:35:43,-31.43004,-116.0003,1011.2,1001.8,4.4961,34.3146,2293.291587333321,,2204.9096995056766,
,SO289,24,5.0,2022.0,3.0,11.0,17:02:19,-31.43007,-116.0002,604.9,599.9,6.5357,34.3191,2273.896219607185,,2150.6424170457567,
,SO289,24,11.0,2022.0,3.0,11.0,17:11:20,-31.43004,-116.00012,232.8,231.1,15.4575,34.921,2297.666665947728,,2085.9435415163603,
,SO289,24,20.0,2022.0,3.0,11.0,17:21:31,-31.4301,-116.00016,7.5,7.4,25.2598,35.7428,2357.860996690657,,2055.7807940211574,
,SO289,25,1.0,2022.0,3.0,12.0,08:31:54,-31.43,-119.00008,3545.9,3492.0,1.6961,34.6873,2393.7698964556503,,2303.7884433236004,
,SO289,25,6.0,2022.0,3.0,12.0,08:57:43,-31.42998,-119.00002,2324.1,2295.3,1.8913,34.6581,2383.7895127199818,,2316.189783998024,
,SO289,25,11.0,2022.0,3.0,12.0,09:18:45,-31.43002,-119.0001,1361.7,1347.9,2.9831,34.493,2331.843120367774,,2256.1087357602823,
,SO289,25,16.0,2022.0,3.0,12.0,09:39:32,-31.43004,-119.0001,404.4,401.2,7.634,34.3361,2241.100343980443,,2168.104371387068,
,SO289,25,18.0,2022.0,3.0,12.0,09:44:34,-31.42994,-119.0001,203.6,202.1,13.4648,34.6404,2280.2942630400275,,2100.9402734178616,
,SO289,25,20.0,2022.0,3.0,12.0,09:47:08,-31.42998,-119.0001,103.0,102.2,16.7548,34.932,2295.4393230765586,,2051.2991655909923,
,SO289,25,24.0,2022.0,3.0,12.0,09:52:06,-31.42996,-119.00002,8.2,8.1,24.7759,35.1545,2307.0894031674547,,2042.826167839788,
,SO289,26,1.0,2022.0,3.0,13.0,03:54:56,-31.43008,-122.00022,3546.1,3492.3,1.6504,34.6902,2389.5752352585764,,2301.3168893034376,
,SO289,26,11.0,2022.0,3.0,13.0,04:42:43,-31.43002,-121.99992,1362.0,1348.2,3.0466,34.4852,2324.600437476606,,2253.91130098574,
,SO289,26,16.0,2022.0,3.0,13.0,05:02:40,-31.43008,-122.00001,403.6,400.4,8.737,34.4181,2276.149848053549,,2166.492421742085,
,SO289,26,20.0,2022.0,3.0,13.0,05:11:33,-31.43002,-122.0,103.8,103.0,17.7901,35.1053,2305.1030117069845,,2055.7926338087627,
,SO289,26,24.0,2022.0,3.0,13.0,05:17:27,-31.43,-122.0,7.5,7.5,25.1778,35.4355,2319.9070702788963,,2037.7764034926468,
,SO289,27,1.0,2022.0,3.0,13.0,23:00:18,-31.42956,-125.00012,3546.5,3492.6,1.6174,34.6912,2398.342709682649,,2300.512755842601,
,SO289,27,6.0,2022.0,3.0,13.0,23:26:12,-31.42954,-125.00002,2323.7,2294.9,1.8833,34.6601,2390.3964958130823,,2297.7999322850783,
,SO289,27,11.0,2022.0,3.0,13.0,23:47:15,-31.42954,-124.99998,1363.8,1349.9,3.0714,34.4732,2324.50940953608,,2249.138557142448,
,SO289,27,16.0,2022.0,3.0,14.0,00:07:53,-31.42951,-125.00002,405.5,402.3,8.2405,34.3993,2276.9510065907307,,2142.5543100909063,
,SO289,27,24.0,2022.0,3.0,14.0,00:21:18,-31.42956,-124.99992,8.2,8.1,24.9809,35.4643,2333.039645902988,,2038.8541502174144,
,SO289,28,1.0,2022.0,3.0,14.0,18:15:00,-31.43,-127.99992,1006.5,997.1,4.5541,34.3206,2294.361896837331,,2198.006549947724,
,SO289,28,6.0,2022.0,3.0,14.0,18:23:32,-31.42998,-128.00006,605.1,600.0,6.5819,34.335,2275.725448493652,,2152.146835263351,
,SO289,28,12.0,2022.0,3.0,14.0,18:32:11,-31.43006,-127.99994,202.6,201.1,14.2009,34.7701,2290.451604089576,,2088.002681061992,
,SO289,28,21.0,2022.0,3.0,14.0,18:40:37,-31.42998,-128.00004,7.2,7.1,24.5621,35.3864,2320.1680530353,,2062.540824995663,
,SO289,28,5.0,2022.0,3.0,15.0,03:20:45,-31.43,-128.00002,3545.2,3491.4,1.6225,34.6906,2390.374202409409,,2290.702969438832,
,SO289,28,16.0,2022.0,3.0,15.0,04:03:26,-31.43,-127.99984,2021.5,1997.9,2.0796,34.6392,2372.02468690605,,2309.2077748563856,
,SO289,29,1.0,2022.0,3.0,15.0,18:40:20,-31.43016,-131.00058,4159.2,4090.3,1.5105,34.7032,2373.196017183249,,2290.525894034336,
,SO289,29,6.0,2022.0,3.0,15.0,19:16:36,-31.43018,-131.00052,2324.5,2295.7,1.9238,34.656,2391.015012595772,,2303.4189253545314,
,SO289,29,11.0,2022.0,3.0,15.0,19:37:13,-31.42998,-131.00052,1362.0,1348.1,2.9576,34.4906,2340.7173224655166,,2253.801099816645,
,SO289,29,16.0,2022.0,3.0,15.0,19:57:48,-31.43008,-131.00052,405.3,402.1,8.5137,34.4159,2273.8245600242744,,2142.729397395556,
,SO289,29,18.0,2022.0,3.0,15.0,20:03:26,-31.43012,-131.00058,153.6,152.4,16.1819,35.0617,2309.915830650696,,2077.043698417512,
,SO289,29,24.0,2022.0,3.0,15.0,20:10:21,-31.42998,-131.00038,7.8,7.7,24.153,35.4944,2336.6118660138777,,2051.043245830823,
,SO289,03,3.0,2022.0,2.0,24.0,00:51:06,-32.96732,-71.8639,830.7,823.2,4.9001,34.3906,2297.4840214447586,,2244.7857707816584,
,SO289,03,4.0,2022.0,2.0,24.0,00:55:34,-32.96736,-71.8639,604.2,599.1,6.3901,34.3891,2278.7535037853368,,2228.382109491787,
,SO289,03,9.0,2022.0,2.0,24.0,01:03:29,-32.96738,-71.86384,301.1,298.7,9.9222,34.649,2288.841507124129,,2293.114113553472,
,SO289,03,12.0,2022.0,2.0,24.0,01:08:36,-32.96734,-71.86388,102.5,101.7,11.6347,34.6902,2287.607696687264,,2291.915826822298,
,SO289,03,18.0,2022.0,2.0,24.0,01:14:56,-32.96726,-71.864,7.2,7.2,15.6591,34.2842,2285.8176754378205,,2026.0449362836707,
,SO289,30,1.0,2022.0,3.0,16.0,14:06:03,-31.42996,-134.00004,4211.4,4141.2,1.4124,34.7097,2384.9389253329755,,2284.616971949643,
,SO289,30,6.0,2022.0,3.0,16.0,14:43:12,-31.42998,-133.99992,2324.6,2295.7,1.9208,34.6564,2392.4500638347768,,2308.960212872632,
,SO289,30,11.0,2022.0,3.0,16.0,15:04:30,-31.43006,-133.99994,1362.3,1348.4,2.965,34.4868,2337.981384122595,,2249.953878821521,
,SO289,30,15.0,2022.0,3.0,16.0,15:25:53,-31.43006,-133.99998,404.1,400.9,8.7413,34.4427,2285.1936378629034,,2146.1471818778086,
,SO289,30,19.0,2022.0,3.0,16.0,15:34:46,-31.43004,-133.99992,102.8,102.1,17.5022,35.1972,2303.5043594755216,,2060.33503202819,
,SO289,30,23.0,2022.0,3.0,16.0,15:40:59,-31.43008,-133.99998,8.3,8.3,24.2068,35.4938,2322.507672948815,,2046.1881190728147,
,SO289,31,3.0,2022.0,3.0,17.0,18:42:24,-31.42988,-137.99994,604.2,599.1,6.9505,34.3711,2286.102545150186,,2148.4724527467083,
,SO289,31,8.0,2022.0,3.0,17.0,18:51:52,-31.42996,-137.9999,252.7,250.8,13.5031,34.9138,2293.971952611568,,2111.499675634079,
,SO289,31,16.0,2022.0,3.0,17.0,19:01:57,-31.43008,-138.00002,6.7,6.6,23.456,35.3311,2314.488265220707,,2045.590650358491,
,SO289,31,15.0,2022.0,3.0,18.0,06:52:28,-31.43016,-137.99998,1817.7,1797.3,2.3061,34.6106,2373.8275546675964,,2287.6717850183973,
,SO289,32,1.0,2022.0,3.0,18.0,21:01:45,-31.42994,-140.99976,4568.1,4488.4,1.3234,34.7161,2373.603532065743,,2274.8426719859067,
,SO289,32,6.0,2022.0,3.0,18.0,21:43:47,-31.42988,-140.9999,2323.7,2294.9,1.9147,34.6583,2390.4528165668053,,2310.0907709830963,
,SO289,32,11.0,2022.0,3.0,18.0,22:05:33,-31.42996,-140.99998,1363.1,1349.3,3.111,34.4652,2322.667033128537,,2243.459677894671,
,SO289,32,16.0,2022.0,3.0,18.0,22:25:26,-31.4299,-140.99984,404.0,400.9,8.3967,34.4533,2275.2265910154456,,2141.222127702728,
,SO289,32,18.0,2022.0,3.0,18.0,22:31:09,-31.42996,-140.99982,153.4,152.3,16.2328,35.149,2305.5287654114354,,2083.1526929026613,
,SO289,32,20.0,2022.0,3.0,18.0,22:32:49,-31.43004,-140.99986,102.3,101.6,18.1861,35.3563,2317.303803300071,,2070.5485414508016,
,SO289,32,24.0,2022.0,3.0,18.0,22:38:23,-31.43001,-140.99984,7.0,7.0,23.0005,35.1963,2304.5252267335527,,2038.4209536803496,
,SO289,33,2.0,2022.0,3.0,23.0,21:28:07,-26.16988,-152.00006,4700.6,4619.0,1.3095,34.7155,2374.6863402459007,,2278.80196552742,
,SO289,33,4.0,2022.0,3.0,23.0,21:32:59,-26.16988,-152.0,4465.1,4390.0,1.3304,34.7136,2373.359763414597,,2279.889317392735,
,SO289,33,9.0,2022.0,3.0,23.0,21:55:11,-26.1698,-152.00002,3341.4,3293.6,1.6153,34.6882,2393.9707726338697,,2297.781839597553,
,SO289,33,13.0,2022.0,3.0,23.0,22:05:01,-26.16986,-152.00004,2832.7,2795.4,1.7626,34.6745,2398.14058961217,,2313.623165556018,
,SO289,33,14.0,2022.0,3.0,23.0,22:13:10,-26.1698,-152.0001,2425.7,2396.0,1.928,34.6598,2396.2134937975343,,2312.047266793156,
,SO289,33,18.0,2022.0,3.0,23.0,22:18:35,-26.16978,-152.00004,2172.6,2147.3,2.02,34.6506,2388.111906487067,,2309.70397060329,
,SO289,33,19.0,2022.0,3.0,23.0,22:25:24,-26.16976,-152.0,1816.6,1796.9,2.3001,34.6165,2374.9435086219537,,2293.405840799292,
,SO289,33,22.0,2022.0,3.0,23.0,22:34:52,-26.16978,-152.0,1312.0,1299.3,3.251,34.4799,2329.4780035518243,,2256.172967888236,
,SO289,33,24.0,2022.0,3.0,23.0,22:44:17,-26.16986,-152.00016,806.9,800.1,5.6434,34.3165,2277.354069445758,,2170.942575794332,
,SO289,33,5.0,2022.0,3.0,24.0,08:10:27,-26.17,-152.00018,505.2,501.3,8.458,34.4808,2065.715680596177,,2140.2161012252536,
,SO289,33,6.0,2022.0,3.0,24.0,08:15:28,-26.16998,-152.00018,404.7,401.7,10.8312,34.7176,2282.7814551204774,,2136.6117254212213,
,SO289,33,7.0,2022.0,3.0,24.0,08:17:52,-26.16996,-152.00018,304.1,301.9,14.3577,35.107,2296.2061656299697,,2111.0704390681544,
,SO289,33,8.0,2022.0,3.0,24.0,08:19:42,-26.16994,-152.00014,254.0,252.2,16.2898,35.332,2316.4448994272084,,2102.2854950351784,
,SO289,33,13.0,2022.0,3.0,24.0,08:21:39,-26.16994,-152.00014,204.1,202.7,17.5331,35.4578,2319.8460714630714,,2095.451942224293,
,SO289,33,14.0,2022.0,3.0,24.0,08:25:21,-26.16996,-152.00014,172.0,170.8,18.5447,35.5612,2321.2662831209373,,2085.6529224603664,
,SO289,33,15.0,2022.0,3.0,24.0,08:26:48,-26.16996,-152.00014,142.1,141.1,19.6781,35.5853,2325.831946090609,,2086.040420199167,
,SO289,33,16.0,2022.0,3.0,24.0,08:28:06,-26.16996,-152.00018,122.6,121.8,20.2064,35.5852,2326.0996497763613,,2060.182239625852,
,SO289,33,24.0,2022.0,3.0,24.0,08:34:55,-26.17002,-152.00012,6.7,6.6,26.7493,35.1737,2303.6769538327244,,1999.7820011481376,
,SO289,34,1.0,2022.0,3.0,25.0,02:56:07,-26.16848,-155.99864,5080.5,4988.2,1.1516,34.7216,2362.675364685728,2367.368244988536,2262.800139789245,2279.5205386212797
,SO289,34,2.0,2022.0,3.0,25.0,03:04:51,-26.16846,-155.9988,4565.6,4487.7,1.1656,34.7198,2368.401133304716,,2270.8747620574795,
,SO289,34,3.0,2022.0,3.0,25.0,03:13:47,-26.1685,-155.99858,4055.9,3991.4,1.3199,34.7132,2374.760130868438,,2273.007496446357,
,SO289,34,4.0,2022.0,3.0,25.0,03:22:43,-26.16854,-155.9988,3544.0,3491.7,1.5552,34.6973,2388.892451532127,,2299.09350042176,
,SO289,34,5.0,2022.0,3.0,25.0,03:31:36,-26.16854,-155.9988,3036.1,2994.7,1.72,34.6796,2401.512005173356,,2318.366651210073,
,SO289,34,6.0,2022.0,3.0,25.0,03:38:44,-26.16844,-155.9988,2628.1,2594.7,1.8594,34.6669,2394.1356240930686,,2316.237794800976,
,SO289,34,7.0,2022.0,3.0,25.0,03:44:36,-26.16848,-155.99876,2322.4,2294.6,1.9791,34.656,2393.730578174408,,2311.550664547127,
,SO289,34,8.0,2022.0,3.0,25.0,03:50:16,-26.16856,-155.99872,2019.2,1996.4,2.1414,34.6394,2388.973502279224,,2302.0705363854227,
,SO289,34,9.0,2022.0,3.0,25.0,03:54:09,-26.16858,-155.9987,1817.1,1797.4,2.2792,34.6218,2377.7047797058253,,2295.7787708878227,
,SO289,34,10.0,2022.0,3.0,25.0,03:59:41,-26.16856,-155.99866,1512.7,1497.5,2.7013,34.556,2359.734351741547,,2273.5124321186413,
,SO289,34,11.0,2022.0,3.0,25.0,04:02:39,-26.16852,-155.99864,1360.8,1347.5,3.0354,34.5065,2346.5213356197346,,2258.7870466607774,
,SO289,34,12.0,2022.0,3.0,25.0,04:09:00,-26.16852,-155.99864,1008.7,999.7,4.5596,34.3538,,2296.463296238675,,2218.0963715775288
,SO289,34,13.0,2022.0,3.0,25.0,04:12:59,-26.16856,-155.99878,807.3,800.5,5.6577,34.3194,2276.2061982067007,,2169.144842838,
,SO289,34,15.0,2022.0,3.0,25.0,04:17:30,-26.16852,-155.99888,605.9,601.1,6.9715,34.3718,2290.386396920492,,2149.649780532963,
,SO289,34,16.0,2022.0,3.0,25.0,04:21:52,-26.16851,-155.99878,403.6,400.6,10.7496,34.705,2287.7066108038744,,2133.057410749529,
,SO289,34,17.0,2022.0,3.0,25.0,04:24:57,-26.16849,-155.99872,254.2,252.4,15.9848,35.3641,2325.6611144571903,,2109.744649786893,
,SO289,34,18.0,2022.0,3.0,25.0,04:27:19,-26.16852,-155.99858,152.6,151.5,18.6751,35.574,2337.8766583026504,,2084.817301913154,
,SO289,34,20.0,2022.0,3.0,25.0,04:28:48,-26.16854,-155.99864,103.7,103.0,20.1876,35.6099,2325.225010286169,,2062.2557904389505,
,SO289,34,22.0,2022.0,3.0,25.0,04:32:08,-26.16852,-155.99886,33.2,32.9,25.9876,35.0622,2292.509528578649,,1986.6324665481504,
,SO289,34,23.0,2022.0,3.0,25.0,04:33:20,-26.1685,-155.99886,18.2,18.1,26.2053,34.891,2284.847791082237,,1980.8138530337376,
,SO289,34,24.0,2022.0,3.0,25.0,04:34:22,-26.1685,-155.99888,7.1,7.0,26.1873,34.8739,2285.5222986432395,2285.689894596453,1974.2624275278029,1985.3696778828762
,SO289,35,1.0,2022.0,3.0,26.0,04:53:00,-26.17,-159.99986,4977.0,4887.7,1.1465,34.7215,2368.272119559713,2365.0117800142643,2267.61425724456,2279.227659737999
,SO289,35,2.0,2022.0,3.0,26.0,05:01:32,-26.17002,-159.99984,4567.3,4489.4,1.1398,34.7205,2374.402173754509,,2317.1816617001805,
,SO289,35,4.0,2022.0,3.0,26.0,05:21:00,-26.17004,-159.99996,3543.5,3491.2,1.5446,34.6998,2386.79751376716,,2302.894877392605,
,SO289,35,5.0,2022.0,3.0,26.0,05:30:56,-26.16996,-159.99982,3035.4,2994.0,1.7369,34.6789,2404.81765895519,,2315.8657284268206,
,SO289,35,6.0,2022.0,3.0,26.0,05:38:46,-26.17004,-159.99988,2628.1,2594.7,1.8691,34.667,2405.861985999584,,2319.013417504849,
,SO289,35,8.0,2022.0,3.0,26.0,05:51:13,-26.17008,-159.99986,2018.9,1996.1,2.1544,34.6396,,2389.165486216547,,2321.6650667012
,SO289,35,9.0,2022.0,3.0,26.0,05:55:30,-26.17004,-159.99992,1816.8,1797.1,2.3359,34.6163,,2378.981949798206,,2312.0338102031697
,SO289,35,10.0,2022.0,3.0,26.0,06:01:22,-26.17002,-159.99992,1513.0,1497.8,2.702,34.5572,,2357.786544991976,,2285.9529160657294
,SO289,35,11.0,2022.0,3.0,26.0,06:04:59,-26.17003,-159.99986,1361.8,1348.5,3.0704,34.5007,,2331.400069757506,,2273.250084841392
,SO289,35,12.0,2022.0,3.0,26.0,06:11:28,-26.17008,-159.99992,1008.6,999.6,4.4477,34.3561,2028.3423538220136,,2213.875393734884,
,SO289,35,13.0,2022.0,3.0,26.0,06:15:53,-26.17008,-159.99992,806.3,799.5,5.7275,34.3196,2276.075323944724,,2168.5823923023404,
,SO289,35,14.0,2022.0,3.0,26.0,06:20:02,-26.17002,-159.99994,605.6,600.8,7.3346,34.3964,2282.2582143578097,,2151.9560844599746,
,SO289,35,15.0,2022.0,3.0,26.0,06:24:40,-26.17004,-159.99994,404.1,401.1,11.8385,34.807,2308.879361984417,,2131.0095131066346,
,SO289,35,16.0,2022.0,3.0,26.0,06:27:11,-26.17002,-159.99994,303.9,301.7,15.2217,35.2381,2306.0838545797023,,2113.265536567197,
,SO289,35,17.0,2022.0,3.0,26.0,06:29:44,-26.16997,-159.99992,202.9,201.4,18.5066,35.5865,2323.446961321069,,2100.2601627786025,
,SO289,35,18.0,2022.0,3.0,26.0,06:32:22,-26.16994,-159.99992,124.1,123.2,19.9906,35.6177,2327.2116270433667,,2070.8908248266625,
,SO289,35,19.0,2022.0,3.0,26.0,06:33:38,-26.16998,-159.99988,103.3,102.6,20.6135,35.6022,2339.2636531623084,,2058.2854587438605,
,SO289,35,20.0,2022.0,3.0,26.0,06:35:40,-26.17,-159.99988,64.2,63.8,22.4273,35.5324,2324.1290018873137,,2012.1392229165365,
,SO289,35,21.0,2022.0,3.0,26.0,06:37:15,-26.16998,-159.9999,33.0,32.7,26.5265,35.2339,2301.824016856129,,2001.9663625096232,
,SO289,35,22.0,2022.0,3.0,26.0,06:38:08,-26.17,-159.9999,18.4,18.3,26.5443,35.0445,2295.347025372707,2292.8152147729284,1983.2222942503056,1992.8338813178843
,SO289,35,23.0,2022.0,3.0,26.0,06:39:09,-26.17002,-159.9999,8.6,8.5,26.8698,34.9315,2286.532515026952,,1974.882064891218,
,SO289,36,6.0,2022.0,3.0,27.0,02:58:56,-26.16998,-163.99968,604.2,599.4,7.4408,34.4173,,2095.054473109107,,2155.3633853322353
,SO289,36,7.0,2022.0,3.0,27.0,03:03:33,-26.17002,-163.99968,404.0,401.0,11.5772,34.8235,,2286.5445452800086,,2146.705556711961
,SO289,36,8.0,2022.0,3.0,27.0,03:06:19,-26.17002,-163.9997,303.1,300.9,14.9325,35.2026,,2313.281700719403,,2126.866212588989
,SO289,36,9.0,2022.0,3.0,27.0,03:07:48,-26.17004,-163.9997,252.4,250.6,16.4239,35.3831,2315.341265074222,,2107.332534689244,
,SO289,36,14.0,2022.0,3.0,27.0,03:09:25,-26.17004,-163.9997,202.4,200.9,17.5884,35.5121,2323.0308469626466,,2094.3976033751487,
,SO289,36,15.0,2022.0,3.0,27.0,03:11:16,-26.17008,-163.99972,141.8,140.9,19.2095,35.6031,2325.069147265425,,2074.698720241516,
,SO289,36,16.0,2022.0,3.0,27.0,03:12:16,-26.1701,-163.99974,121.9,121.1,19.8474,35.6144,2338.8341539426915,,2069.590173476699,
,SO289,36,22.0,2022.0,3.0,27.0,03:14:52,-26.17008,-163.99974,72.0,71.5,21.7387,35.5458,2326.2702192098504,,2033.7051520703967,
,SO289,36,4.0,2022.0,3.0,27.0,14:23:14,-26.1699,-163.99976,4670.7,4590.0,1.0705,34.7208,2340.6198611707027,,2291.0506345841127,
,SO289,36,13.0,2022.0,3.0,27.0,14:57:52,-26.17,-163.99962,2832.4,2795.2,1.8215,34.6724,2409.5943776430177,,2326.700488779194,
,SO289,36,14.0,2022.0,3.0,27.0,15:07:06,-26.16992,-163.99978,2324.1,2296.2,2.0213,34.6537,2400.7248337780343,,2311.800669180064,
,SO289,36,18.0,2022.0,3.0,27.0,15:10:29,-26.16998,-163.99984,2172.7,2147.4,2.0959,34.6468,2394.81577192697,,2326.9780016271507,
,SO289,36,19.0,2022.0,3.0,27.0,15:16:54,-26.17002,-163.99972,1816.5,1796.9,2.3483,34.6181,2377.284843652425,,2295.580974690524,
,SO289,36,20.0,2022.0,3.0,27.0,15:22:45,-26.16986,-163.99972,1514.2,1498.9,2.7082,34.5584,,2298.34726069108,,
,SO289,36,22.0,2022.0,3.0,27.0,15:22:50,-26.16986,-163.99972,1513.8,1498.5,2.7083,34.5583,2354.8747909745043,,2270.325067426762,
,SO289,37,1.0,2022.0,3.0,28.0,10:17:12,-26.1701,-168.00048,5388.1,5286.5,1.1128,34.7212,2352.898863531018,1941.4942021452443,2273.467551163785,2274.832449134484
,SO289,37,2.0,2022.0,3.0,28.0,10:26:54,-26.17004,-168.00044,4874.6,4788.2,1.0614,34.7201,2363.4734934080675,,2266.330083905464,
,SO289,37,4.0,2022.0,3.0,28.0,10:50:39,-26.16996,-168.0005,3543.3,3490.9,1.5501,34.7071,2389.896700860472,,2285.975523518541,
,SO289,37,5.0,2022.0,3.0,28.0,10:59:52,-26.17009,-168.00038,3035.4,2994.0,1.7442,34.6787,2420.646514360142,,2329.586334146321,
,SO289,37,7.0,2022.0,3.0,28.0,11:13:33,-26.17016,-168.00044,2323.5,2295.7,2.0254,34.6536,2392.3271722197514,,2317.897545250328,
,SO289,37,8.0,2022.0,3.0,28.0,11:19:38,-26.17012,-168.00048,2019.2,1996.4,2.1951,34.6375,,2400.630641345707,,2325.673913398792
,SO289,37,9.0,2022.0,3.0,28.0,11:23:43,-26.17022,-168.00044,1816.2,1796.6,2.3188,34.6241,,2383.956950930057,,2316.514174043791
,SO289,37,11.0,2022.0,3.0,28.0,11:33:33,-26.1702,-168.0005,1361.4,1348.2,2.959,34.5158,,2342.378478053451,,2265.506556505921
,SO289,37,12.0,2022.0,3.0,28.0,11:40:12,-26.17002,-168.00038,1007.2,998.3,4.4728,34.3695,2301.8392366849303,,2214.1814930632827,
,SO289,37,13.0,2022.0,3.0,28.0,11:44:29,-26.17012,-168.0004,806.8,799.9,5.6545,34.3215,2296.111947198477,,2171.704599536657,
,SO289,37,15.0,2022.0,3.0,28.0,11:49:33,-26.17018,-168.00044,603.9,599.1,7.0905,34.3921,2273.3231380857314,,2156.678379334567,
,SO289,37,16.0,2022.0,3.0,28.0,11:54:06,-26.17002,-168.00052,403.5,400.5,10.913,34.7403,2279.656788605531,,2149.725973542238,
,SO289,37,17.0,2022.0,3.0,28.0,11:56:32,-26.16999,-168.00058,303.7,301.5,14.7655,35.2403,2310.9885385359203,,2124.264819517469,
,SO289,37,18.0,2022.0,3.0,28.0,11:58:38,-26.17002,-168.00058,234.0,232.3,16.4476,35.4303,2315.167440203222,,2112.166409592551,
,SO289,37,19.0,2022.0,3.0,28.0,12:00:58,-26.16999,-168.00053,163.2,162.1,18.2811,35.5895,2340.518242430338,,2089.7456951528925,
,SO289,37,21.0,2022.0,3.0,28.0,12:02:30,-26.17,-168.0005,122.1,121.3,19.2988,35.6299,2338.888237088658,,2074.2396421406265,2088.3178369146735
,SO289,37,22.0,2022.0,3.0,28.0,12:05:02,-26.17,-168.0005,61.7,61.3,22.1604,35.5663,2307.2056687871464,,2047.93297369428,
,SO289,37,23.0,2022.0,3.0,28.0,12:06:35,-26.17004,-168.00052,32.7,32.4,26.1555,35.1086,2308.0476613213223,,1991.6169341189288,
,SO289,37,24.0,2022.0,3.0,28.0,12:07:59,-26.17008,-168.00048,7.4,7.4,26.2662,34.908,2280.3113592868444,,1978.3587834778664,
,SO289,38,1.0,2022.0,3.0,29.0,11:27:27,-26.17004,-172.00008,5256.4,5158.9,1.0928,34.7204,2366.404050128109,,2268.319259668127,
,SO289,38,3.0,2022.0,3.0,29.0,11:33:19,-26.17,-172.00008,4979.0,4889.6,1.0598,34.7199,2328.79018041154,2366.537106221904,2282.2191980713624,2280.3048708059086
,SO289,38,10.0,2022.0,3.0,29.0,12:01:50,-26.17,-171.99994,3443.1,3393.1,1.5928,34.709,2364.588065610068,,2298.423418269545,
,SO289,38,13.0,2022.0,3.0,29.0,12:09:31,-26.17008,-172.00002,3035.5,2994.2,1.7733,34.677,2399.2787087414863,,2304.821351601146,
,SO289,38,14.0,2022.0,3.0,29.0,12:17:36,-26.1701,-172.0,2630.2,2596.8,1.9446,34.6624,2404.9255870178504,,2324.783525848888,
,SO289,38,15.0,2022.0,3.0,29.0,12:23:36,-26.1701,-171.99994,2325.0,2297.1,2.0642,34.6508,2378.586531989537,,2325.156968440765,
,SO289,38,20.0,2022.0,3.0,29.0,12:23:46,-26.1701,-171.99994,2324.8,2297.0,2.0661,34.6507,,2405.0751779228067,,2321.9390397066995
,SO289,38,21.0,2022.0,3.0,29.0,12:33:10,-26.17008,-172.00002,1818.0,1798.4,2.3954,34.6185,,2378.771208565657,,
,SO289,38,22.0,2022.0,3.0,29.0,12:42:47,-26.17008,-172.00009,1312.5,1299.9,3.0683,34.501,,2306.039075274217,,2263.4797258476574
,SO289,38,23.0,2022.0,3.0,29.0,12:51:54,-26.17004,-172.0,806.9,800.1,5.823,34.3267,,2277.863418246589,,2168.503636773456
,SO289,38,5.0,2022.0,3.0,29.0,17:29:32,-26.17,-171.9999,604.6,599.8,7.4701,34.4106,2276.707714890422,,2151.803150450699,
,SO289,38,8.0,2022.0,3.0,29.0,17:33:24,-26.16998,-171.99992,403.9,400.9,12.315,34.9455,2306.45008873895,,2139.0898461309584,
,SO289,38,9.0,2022.0,3.0,29.0,17:35:47,-26.17002,-171.99998,303.0,300.8,15.22,35.3053,2307.026649214813,,2115.5221089829947,
,SO289,38,16.0,2022.0,3.0,29.0,17:38:02,-26.1701,-171.99998,232.7,231.1,16.9983,35.5254,2304.783638770615,,,
,SO289,38,17.0,2022.0,3.0,29.0,17:39:11,-26.17012,-171.99998,202.6,201.2,17.5221,35.5633,2319.6015522504927,,2097.573081123174,
,SO289,38,18.0,2022.0,3.0,29.0,17:40:43,-26.1701,-171.99998,152.3,151.2,18.9311,35.6526,2323.659340446579,,2087.720628737552,
,SO289,38,19.0,2022.0,3.0,29.0,17:42:20,-26.17008,-171.99998,112.4,111.6,19.8702,35.6449,2326.6931750371145,,2059.484314923961,
,SO289,38,20.0,2022.0,3.0,29.0,17:44:09,-26.17006,-172.0,61.8,61.4,21.4102,35.5836,2309.9721709230566,,2048.256942566976,
,SO289,38,22.0,2022.0,3.0,29.0,17:46:58,-26.1701,-172.00004,7.9,7.8,25.8909,35.0733,,2293.277792833427,,1986.2483413990576
,SO289,39,2.0,2022.0,3.0,30.0,12:56:10,-26.16668,-175.3966,6109.1,5984.4,1.1845,34.7227,2363.314373381525,2365.10818609717,2273.3407823179023,2273.3646840440656
,SO289,39,5.0,2022.0,3.0,30.0,13:14:40,-26.16674,-175.39664,5078.7,4986.4,1.0732,34.7205,2286.409016016139,,2317.9316968637345,
,SO289,39,6.0,2022.0,3.0,30.0,13:33:21,-26.16666,-175.39662,4055.5,3991.0,1.1228,34.7239,2363.381113132737,,2269.142882544676,
,SO289,39,8.0,2022.0,3.0,30.0,13:51:23,-26.16666,-175.39656,3443.6,3393.5,1.5102,34.7299,2356.7664285877768,,2270.594599332933,
,SO289,39,9.0,2022.0,3.0,30.0,14:02:58,-26.16668,-175.39662,3035.2,2993.8,1.7712,34.694,2393.852372307568,,2308.933352555868,
,SO289,39,11.0,2022.0,3.0,30.0,14:15:12,-26.16672,-175.39656,2526.2,2494.8,2.0116,34.6598,2392.2591362806893,,2321.8336256193884,
,SO289,39,13.0,2022.0,3.0,30.0,14:19:27,-26.16669,-175.39662,2322.9,2295.1,2.1342,34.6479,,2392.551503549633,,2319.6970339631057
,SO289,39,14.0,2022.0,3.0,30.0,14:25:25,-26.16674,-175.39662,2019.2,1996.4,2.3203,34.6285,,2394.9313832273783,,2312.305983180521
,SO289,39,15.0,2022.0,3.0,30.0,14:31:04,-26.16678,-175.39658,1766.1,1747.2,2.517,34.6057,,1626.5545292690747,,2298.8636853426606
,SO289,39,16.0,2022.0,3.0,30.0,14:35:57,-26.1667,-175.39656,1513.7,1498.4,2.7868,34.5565,,2357.417494860275,,2280.9716808712287
,SO289,39,18.0,2022.0,3.0,30.0,14:41:26,-26.1667,-175.39664,1260.7,1248.7,3.3619,34.4667,2319.9997433479907,,2248.1487354066458,
,SO289,39,19.0,2022.0,3.0,30.0,14:46:18,-26.16666,-175.39666,1007.4,998.4,4.7308,34.3562,2288.8192030806185,,2202.1072348541948,
,SO289,39,20.0,2022.0,3.0,30.0,14:51:08,-26.16666,-175.3966,807.3,800.5,5.7456,34.3271,2284.7272446811594,,2173.888764713065,
,SO289,39,21.0,2022.0,3.0,30.0,15:00:56,-26.1667,-175.39658,304.3,302.1,14.7391,35.2612,2301.0706534589576,,2122.0533210190747,
,SO289,39,22.0,2022.0,3.0,30.0,15:03:35,-26.16674,-175.39664,204.0,202.5,17.2622,35.5771,2323.6107573941545,,2109.21539086078,
,SO289,39,23.0,2022.0,3.0,30.0,15:05:30,-26.16676,-175.3967,134.0,133.1,18.8942,35.6767,2342.737710696347,,2085.402514871701,
,SO289,39,24.0,2022.0,3.0,30.0,15:12:24,-26.16676,-175.3966,8.9,8.8,25.9984,35.136,2301.1935344836834,,1986.84494475236,1989.0856741458185
,SO289,04,1.0,2022.0,2.0,24.0,14:50:22,-32.87215,-71.89238,1705.5,1686.6,2.6981,34.5965,2376.575053172577,,2311.9995455316093,
,SO289,04,2.0,2022.0,2.0,24.0,15:00:18,-32.87232,-71.89244,1209.7,1197.7,3.6814,34.5061,2329.0274254285696,,2295.418728589096,
,SO289,04,6.0,2022.0,2.0,24.0,15:28:05,-32.87218,-71.89249,302.1,299.8,9.0844,34.5335,2268.274048902507,,2279.2895443523284,
,SO289,04,9.0,2022.0,2.0,24.0,15:33:37,-32.87216,-71.89246,102.8,102.1,11.0055,34.3884,2264.406572188197,,2241.561411561159,
,SO289,04,13.0,2022.0,2.0,24.0,15:42:10,-32.87218,-71.89248,6.5,6.5,18.4009,34.3744,2292.620880297682,,2036.554199992947,
,SO289,40,1.0,2022.0,3.0,31.0,06:00:44,-25.87494,-177.18326,504.6,500.7,9.52,34.6428,2253.0067658246,2284.2825226391087,2175.0546243762947,2151.1935219145093
,SO289,40,3.0,2022.0,3.0,31.0,09:35:43,-25.875,-177.18332,455.5,452.1,11.094,34.8174,2294.271536749594,,2138.3822824226577,
,SO289,40,4.0,2022.0,3.0,31.0,09:39:21,-25.87504,-177.18335,404.8,401.8,12.7432,35.0092,2309.623135286421,,2137.209235637304,
,SO289,40,5.0,2022.0,3.0,31.0,09:43:08,-25.87504,-177.1833,355.2,352.6,13.6585,35.1184,2312.673372693243,,2133.233688952752,
,SO289,40,6.0,2022.0,3.0,31.0,09:47:51,-25.87502,-177.1833,307.2,305.0,15.4239,35.3468,2299.3374383166583,,2130.179582115128,
,SO289,40,7.0,2022.0,3.0,31.0,09:52:40,-25.87504,-177.18338,253.7,251.9,16.4282,35.4823,2322.8001133171306,,2112.361026179032,
,SO289,40,8.0,2022.0,3.0,31.0,09:54:16,-25.87506,-177.1834,232.0,230.4,17.0148,35.5335,,2319.7382242540893,,2113.0681557113685
,SO289,40,10.0,2022.0,3.0,31.0,09:56:39,-25.87502,-177.18332,204.6,203.1,17.6418,35.5931,,2332.732389817744,,2107.703425179619
,SO289,40,11.0,2022.0,3.0,31.0,09:58:27,-25.875,-177.18332,183.2,181.9,18.2327,35.655,,2336.328376931016,,2101.4570482396307
,SO289,40,12.0,2022.0,3.0,31.0,10:00:43,-25.875,-177.1833,154.1,153.0,18.7423,35.6836,,2328.5455624203782,,2096.7271110387546
,SO289,40,14.0,2022.0,3.0,31.0,10:01:57,-25.875,-177.1833,133.7,132.8,19.4037,35.692,2325.882818571551,,2097.2054936350864,
,SO289,40,17.0,2022.0,3.0,31.0,10:03:06,-25.87502,-177.1833,114.2,113.4,19.671,35.6975,2311.563208946481,,2116.631136284223,
,SO289,40,18.0,2022.0,3.0,31.0,10:03:58,-25.87502,-177.1833,103.7,103.0,20.0818,35.7038,2325.33070752492,,2180.049554315525,
,SO289,40,19.0,2022.0,3.0,31.0,10:05:06,-25.87502,-177.1833,84.6,84.0,20.8397,35.6848,2318.900347500758,,2092.3335521038725,
,SO289,40,20.0,2022.0,3.0,31.0,10:06:10,-25.875,-177.18332,63.7,63.2,21.5036,35.6504,2363.404278621492,,2098.7538827452604,
,SO289,40,21.0,2022.0,3.0,31.0,10:07:07,-25.875,-177.18334,53.4,53.1,21.8207,35.6483,2329.560476552188,,2044.6639325716087,
,SO289,40,23.0,2022.0,3.0,31.0,10:10:26,-25.87502,-177.18336,22.8,22.6,26.0862,35.1034,2303.6610405397014,,1991.569843843673,
,SO289,40,24.0,2022.0,3.0,31.0,10:11:33,-25.87504,-177.18338,7.7,7.7,26.2131,35.0327,2289.0532023812816,2318.053924192903,1995.606242049291,1982.4016728477266
,SO289,41,1.0,2022.0,3.0,31.0,20:16:15,-25.7182,-178.7148,2322.7,2295.0,2.3097,34.6398,2387.620064733946,,2298.1356058582223,
,SO289,41,2.0,2022.0,3.0,31.0,20:18:57,-25.71818,-178.71484,2221.5,2195.4,2.3388,34.6345,2378.087631872858,2394.124311155057,2301.555958096309,2302.2337514817386
,SO289,41,6.0,2022.0,3.0,31.0,20:23:11,-25.71814,-178.71484,2018.9,1996.1,2.3838,34.6255,2356.8545753070525,,2317.3730307406777,
,SO289,41,7.0,2022.0,3.0,31.0,20:27:12,-25.7182,-178.71488,1815.8,1796.2,2.4532,34.6134,,2379.176461336107,,2303.83278318629
,SO289,41,11.0,2022.0,3.0,31.0,20:34:03,-25.71826,-178.71482,1512.4,1497.1,2.6722,34.5792,,2375.2682106667285,,2285.8179685738946
,SO289,41,12.0,2022.0,3.0,31.0,20:37:37,-25.7182,-178.7149,1361.1,1347.9,2.9506,34.5432,,2353.400430629712,,2277.8678987903404
,SO289,41,13.0,2022.0,3.0,31.0,20:44:03,-25.71826,-178.71484,1008.1,999.1,4.2695,34.3765,,2298.796748800656,,2214.6393070613194
,SO289,41,14.0,2022.0,3.0,31.0,20:48:36,-25.71824,-178.71486,806.0,799.2,5.4937,34.34,2248.769474367713,,2201.929962733132,
,SO289,41,16.0,2022.0,3.0,31.0,20:53:18,-25.71822,-178.71488,604.7,599.9,7.064,34.3977,2275.214103399106,,2150.9316539039805,
,SO289,41,17.0,2022.0,3.0,31.0,20:57:46,-25.7182,-178.71486,403.7,400.7,10.0323,34.6939,2282.5701864219927,,2143.031502809045,
,SO289,41,18.0,2022.0,3.0,31.0,21:00:08,-25.7182,-178.71488,302.9,300.7,13.371,35.112,2289.4053677634247,,2131.837938583826,
,SO289,41,19.0,2022.0,3.0,31.0,21:02:35,-25.71822,-178.71488,203.3,201.9,16.4718,35.5405,2351.9237329152684,,2120.8862657920454,
,SO289,41,20.0,2022.0,3.0,31.0,21:05:27,-25.7182,-178.71488,87.3,86.7,19.2736,35.6774,2309.496729832209,,2086.4450816974154,
,SO289,41,22.0,2022.0,3.0,31.0,21:06:44,-25.7182,-178.71488,62.3,61.9,20.3463,35.6628,2337.945759763264,,2063.0160369506125,
,SO289,41,24.0,2022.0,3.0,31.0,21:09:25,-25.71818,-178.7149,6.8,6.8,25.6325,35.4681,,2316.4367322992434,,2022.766453417429
,SO289,42,1.0,2022.0,4.0,1.0,12:43:33,-25.71832,178.9998,1007.3,998.3,4.5167,34.4041,2302.421492438158,2304.250749610172,2220.686724191378,
,SO289,42,5.0,2022.0,4.0,1.0,12:48:06,-25.71834,178.99976,805.8,799.0,5.7077,34.3583,2300.055959050846,,2186.928456186816,
,SO289,42,7.0,2022.0,4.0,1.0,12:52:15,-25.71824,178.99982,603.5,598.7,7.5961,34.4542,2266.59434746915,,2165.498524792698,
,SO289,42,8.0,2022.0,4.0,1.0,12:56:47,-25.71822,178.99982,403.1,400.1,12.425,34.9255,2243.7270009409485,,,
,SO289,42,9.0,2022.0,4.0,1.0,12:59:04,-25.71824,178.99978,302.9,300.8,15.8347,35.4081,2324.113979175881,,2115.7499479041785,
,SO289,42,10.0,2022.0,4.0,1.0,13:00:35,-25.71822,178.99979,252.5,250.7,17.3419,35.5819,2325.941918528926,,2115.2374613333754,
,SO289,42,16.0,2022.0,4.0,1.0,13:04:23,-25.71822,178.9998,121.9,121.1,19.4552,35.7114,2341.358624905118,,2074.262238475737,
,SO289,42,23.0,2022.0,4.0,1.0,13:09:26,-25.71828,178.9998,21.8,21.7,26.04,35.0002,,2300.7177041190325,,1983.9143333445984
,SO289,42,24.0,2022.0,4.0,1.0,13:10:29,-25.71828,178.9998,7.1,7.0,26.0263,34.9967,,2288.551143205812,,
,SO289,42,2.0,2022.0,4.0,1.0,17:57:34,-25.71828,178.99978,3800.1,3741.9,1.8537,34.6929,2401.703090833585,,2298.5559568515464,
,SO289,42,4.0,2022.0,4.0,1.0,21:47:13,-25.71832,178.99982,3343.0,3295.2,1.819,34.6909,2397.5157494706486,2411.9151047302007,2314.285346351217,
,SO289,42,7.0,2022.0,4.0,1.0,21:57:18,-25.71828,178.99984,3037.1,2995.8,1.8311,34.6872,2400.34182475999,,2311.2727242190326,
,SO289,42,10.0,2022.0,4.0,1.0,22:04:36,-25.71822,178.99988,2833.4,2796.2,1.8683,34.6824,2398.051725068098,,2301.7796045452174,
,SO289,42,13.0,2022.0,4.0,1.0,22:15:31,-25.7183,178.99984,2427.1,2397.5,2.0526,34.664,2390.2140806570897,,2309.384009698182,
,SO289,42,14.0,2022.0,4.0,1.0,22:19:50,-25.71826,178.99986,2223.9,2197.9,2.1775,34.6516,2388.31179962982,,2301.6609401679707,
,SO289,42,18.0,2022.0,4.0,1.0,22:23:53,-25.71836,178.99978,2021.4,1998.6,2.2679,34.6419,2390.5240234990115,,2300.9857462470595,
,SO289,42,19.0,2022.0,4.0,1.0,22:30:28,-25.71838,178.99984,1817.6,1798.0,2.4121,34.6272,2384.992182456765,,2296.7600590142747,
,SO289,42,20.0,2022.0,4.0,1.0,22:34:11,-25.71842,178.9998,1666.4,1649.0,2.5595,34.6125,2360.128706689873,,2312.2793139686446,
,SO289,42,21.0,2022.0,4.0,1.0,22:37:27,-25.71842,178.9998,1513.9,1498.7,2.831,34.5854,2368.6423738357485,,,
,SO289,43,1.0,2022.0,4.0,2.0,19:08:00,-25.71842,175.5,4361.9,4289.6,1.902,34.6954,2395.833753606835,,2317.7395539743125,
,SO289,43,2.0,2022.0,4.0,2.0,19:18:14,-25.71838,175.5,3850.9,3791.5,1.8581,34.6933,2393.179638353772,2402.112866611055,2319.5705050262345,
,SO289,43,5.0,2022.0,4.0,2.0,19:26:30,-25.71822,175.5001,3442.6,3392.6,1.8461,34.6901,2385.925281776672,,2328.9161751182714,
,SO289,43,6.0,2022.0,4.0,2.0,19:34:34,-25.7183,175.50004,3035.4,2994.1,1.8756,34.6845,2396.5834982038537,,2321.7740556997164,
,SO289,43,7.0,2022.0,4.0,2.0,19:42:47,-25.7184,175.5001,2628.2,2594.9,1.9745,34.6731,2393.6002276938743,,2313.9752392289533,
,SO289,43,9.0,2022.0,4.0,2.0,19:51:16,-25.71834,175.50002,2222.1,2196.0,2.1625,34.6533,2366.022055964704,,2328.89371541858,
,SO289,43,10.0,2022.0,4.0,2.0,19:55:19,-25.71835,175.49996,2019.5,1996.8,2.2838,34.6409,2395.906732681166,,2299.548919236284,
,SO289,43,11.0,2022.0,4.0,2.0,19:59:26,-25.71842,175.50005,1816.3,1796.7,2.4542,34.6236,2392.7336941757617,,2297.268021610328,
,SO289,43,12.0,2022.0,4.0,2.0,20:03:54,-25.71836,175.50016,1613.7,1597.1,2.6642,34.6025,2380.2140987666976,,2290.2679393688486,
,SO289,43,13.0,2022.0,4.0,2.0,20:08:04,-25.71826,175.50016,1412.7,1398.8,2.9826,34.5695,2365.3006731784167,,2265.9073178720423,
,SO289,43,14.0,2022.0,4.0,2.0,20:12:57,-25.71826,175.5001,1209.8,1198.5,3.6291,34.4901,2324.969634909112,,2258.181648924166,
,SO289,43,16.0,2022.0,4.0,2.0,20:21:58,-25.71832,175.50004,807.2,800.4,5.9507,34.3686,,2283.315061876077,,
,SO289,43,17.0,2022.0,4.0,2.0,20:26:11,-25.71838,175.50006,605.2,600.4,8.3998,34.5137,,2287.5596137716843,,
,SO289,43,18.0,2022.0,4.0,2.0,20:30:39,-25.71834,175.50014,403.9,400.9,14.2167,35.2251,,2306.941100667525,,
,SO289,43,19.0,2022.0,4.0,2.0,20:33:07,-25.71832,175.50013,304.8,302.6,17.5262,35.6074,2326.80445594915,,2134.569553516784,
,SO289,43,20.0,2022.0,4.0,2.0,20:35:41,-25.71828,175.50014,203.9,202.5,19.0208,35.735,2330.14283098894,,2083.1181857934703,
,SO289,43,23.0,2022.0,4.0,2.0,20:41:21,-25.71824,175.5001,53.1,52.8,21.6992,35.5676,2320.3696004815147,,2038.91142659234,
,SO289,43,24.0,2022.0,4.0,2.0,20:43:28,-25.71822,175.5001,8.3,8.3,25.7725,35.1799,,2299.578082527092,,
,SO289,44,1.0,2022.0,4.0,3.0,17:26:23,-25.83284,171.99906,3238.4,3192.8,1.8653,34.6872,2393.0074835610503,,2317.19101344415,
,SO289,44,2.0,2022.0,4.0,3.0,17:30:47,-25.83288,171.9991,3033.9,2992.7,1.8615,34.6854,2389.7241300149376,,2320.780127715036,
,SO289,44,3.0,2022.0,4.0,3.0,17:35:09,-25.83298,171.9991,2832.7,2795.5,1.8936,34.6813,2393.03159111911,,2313.8669809854264,
,SO289,44,4.0,2022.0,4.0,3.0,17:39:41,-25.8331,171.999,2628.4,2595.2,1.9388,34.6761,2393.489714480007,,2311.858385798477,
,SO289,44,5.0,2022.0,4.0,3.0,17:43:51,-25.833,171.99902,2425.3,2395.7,2.0122,34.668,2392.6847857024954,,2315.469519272987,
,SO289,44,6.0,2022.0,4.0,3.0,17:48:09,-25.83306,171.99902,2220.5,2194.5,2.1039,34.6587,2384.1404791790887,,2309.642659825167,
,SO289,44,7.0,2022.0,4.0,3.0,17:52:25,-25.83294,171.999,2018.2,1995.5,2.2036,34.6483,2381.554129958291,,2310.351220844557,
,SO289,44,9.0,2022.0,4.0,3.0,18:00:18,-25.83284,171.99902,1613.5,1596.9,2.6972,34.6018,2373.1575807019967,,2296.350984413696,
,SO289,44,10.0,2022.0,4.0,3.0,18:04:23,-25.83284,171.99902,1413.4,1399.5,3.075,34.564,2360.5204602300223,,2273.180867612625,
,SO289,44,11.0,2022.0,4.0,3.0,18:08:17,-25.83284,171.99906,1209.1,1197.8,3.8162,34.4841,2324.5847172897325,,2245.954961267113,
,SO289,44,12.0,2022.0,4.0,3.0,18:12:23,-25.83298,171.99909,1008.1,999.1,4.8357,34.408,2291.742641392592,,2214.503894833439,
,SO289,44,13.0,2022.0,4.0,3.0,18:16:23,-25.83294,171.99914,807.0,800.2,6.4737,34.3926,2280.204150589628,,2174.483005196038,
,SO289,44,15.0,2022.0,4.0,3.0,18:24:26,-25.833,171.99908,404.6,401.6,14.8015,35.3144,2310.2367740508994,,2128.380588886564,
,SO289,44,17.0,2022.0,4.0,3.0,18:29:29,-25.83294,171.99908,204.2,202.8,18.9908,35.6862,2329.3674400011832,,2088.423502647816,
,SO289,44,18.0,2022.0,4.0,3.0,18:30:53,-25.83288,171.9991,152.3,151.3,20.6604,35.6736,2322.378655567324,,2080.275052168581,
,SO289,44,19.0,2022.0,4.0,3.0,18:32:22,-25.83286,171.99906,102.8,102.1,21.8355,35.6366,2298.016320531022,,2090.875769333981,
,SO289,44,20.0,2022.0,4.0,3.0,18:34:33,-25.83286,171.99902,53.1,52.7,26.7041,35.3224,2309.092625096019,,1996.018672020841,
,SO289,44,21.0,2022.0,4.0,3.0,18:35:54,-25.83286,171.99902,22.2,22.1,26.74,35.3152,2309.235137694455,,1989.839258461412,
,SO289,44,22.0,2022.0,4.0,3.0,18:37:00,-25.8329,171.99904,7.2,7.1,26.7298,35.3151,2335.168998362681,,2019.938622432324,
,SO289,05,5.0,2022.0,2.0,24.0,19:34:52,-32.49932,-71.99856,2456.9,2425.4,1.9156,34.6698,2393.2137729011547,,2318.368132309616,
,SO289,05,14.0,2022.0,2.0,24.0,19:53:01,-32.49936,-71.99856,1514.7,1498.6,2.9857,34.5695,2364.143142998574,,2293.113354525317,
,SO289,05,15.0,2022.0,2.0,24.0,20:03:53,-32.49934,-71.99846,908.8,900.5,4.5293,34.4288,2320.4975546990736,,2266.6247597522806,
,SO289,05,3.0,2022.0,2.0,25.0,06:01:07,-32.49934,-71.99854,405.0,401.7,7.3434,34.4051,2283.353740523745,,2245.012159050036,
,SO289,05,11.0,2022.0,2.0,25.0,06:15:26,-32.49942,-71.9985,104.4,103.6,11.0842,34.0679,2255.743873465895,,2143.2877263751125,
,SO289,05,23.0,2022.0,2.0,25.0,06:22:37,-32.49944,-71.99836,7.5,7.4,19.3663,34.4036,2282.9236379826248,,2036.2193654201224,
,SO289,06,1.0,2022.0,2.0,25.0,18:09:56,-32.49998,-72.79988,5543.5,5434.5,1.8326,34.7071,2399.2517750779657,,2309.962638811215,
,SO289,06,7.0,2022.0,2.0,25.0,18:39:33,-32.4999,-72.7999,4058.8,3992.2,1.744,34.6992,2400.786577116494,,2313.0748556338376,
,SO289,06,11.0,2022.0,2.0,25.0,19:19:48,-32.50006,-72.79988,2021.7,1997.9,2.2459,34.638,2386.82877106878,,2315.044742145129,
,SO289,06,12.0,2022.0,2.0,25.0,19:30:09,-32.50004,-72.79982,1515.3,1499.2,2.9229,34.5739,2366.458328244886,,2307.852088396012,
,SO289,06,14.0,2022.0,2.0,25.0,19:47:03,-32.50002,-72.79982,707.8,701.6,4.9387,34.3287,2284.626112104557,,2220.677440582422,
,SO289,06,17.0,2022.0,2.0,25.0,19:56:09,-32.49998,-72.79984,405.8,402.6,6.9005,34.3767,2289.116257053493,,2241.5373999857,
,SO289,06,19.0,2022.0,2.0,25.0,20:02:10,-32.49994,-72.79992,204.4,202.8,9.8487,34.5106,2274.0153755788283,,2276.183575894572,
,SO289,06,20.0,2022.0,2.0,25.0,20:05:19,-32.49994,-72.79996,103.9,103.2,10.9416,34.1486,2257.754145162816,,2177.394628696584,
,SO289,07,3.0,2022.0,2.0,26.0,07:51:16,-32.50002,-73.79992,3855.2,3793.7,1.6804,34.6999,2402.494703002932,,2310.6881297222008,
,SO289,07,6.0,2022.0,2.0,26.0,08:13:57,-32.5,-73.79982,2588.0,2554.1,1.9023,34.6719,2383.429607252754,,2319.565144321557,
,SO289,07,9.0,2022.0,2.0,26.0,08:39:45,-32.50004,-73.79994,1111.0,1100.3,3.5634,34.5052,2332.223442576681,,2292.387598469292,
,SO289,07,12.0,2022.0,2.0,26.0,08:49:34,-32.49996,-73.80006,607.6,602.5,5.1397,34.2873,2288.007357126244,,2202.354236297921,
,SO289,07,15.0,2022.0,2.0,26.0,08:57:58,-32.50006,-73.79992,255.2,253.2,9.386,34.54,2279.825160629386,,2280.2414495074404,
,SO289,07,16.0,2022.0,2.0,26.0,08:59:34,-32.50004,-73.7999,205.4,203.8,9.9542,34.5539,2275.7582763322275,,2282.447424542824,
,SO289,07,19.0,2022.0,2.0,26.0,09:01:37,-32.50002,-73.79986,104.8,104.1,10.9095,33.9873,2251.216102986833,,2121.5481691298605,
,SO289,07,23.0,2022.0,2.0,26.0,09:08:34,-32.49994,-73.79994,4.1,4.1,19.4037,34.4725,2290.8700285887003,,2038.3661979588687,
,SO289,08,5.0,2022.0,2.0,27.0,00:02:27,-32.50014,-76.60032,3886.5,3824.2,1.6397,34.7015,2398.0219058083994,,2304.84529597403,
,SO289,08,12.0,2022.0,2.0,27.0,00:29:07,-32.50012,-76.60038,2528.8,2496.1,1.9165,34.6695,2394.576069767838,,2313.843125953633,
,SO289,08,17.0,2022.0,2.0,27.0,00:53:21,-32.50002,-76.60044,1110.1,1099.3,3.5483,34.5022,2345.3629655386594,,2292.8414874832874,
,SO289,08,18.0,2022.0,2.0,27.0,00:59:27,-32.50002,-76.60046,808.5,801.3,4.4356,34.3785,2315.052093221435,,2244.4149506274834,
,SO289,08,23.0,2022.0,2.0,27.0,01:03:30,-32.50002,-76.60046,606.2,601.1,5.4856,34.3002,2289.8130126499013,,2202.005173060684,
,SO289,08,3.0,2022.0,2.0,27.0,09:38:48,-32.50002,-76.60006,405.4,402.1,7.2599,34.4017,2284.848554169789,,2244.619811729259,
,SO289,08,9.0,2022.0,2.0,27.0,09:45:02,-32.5,-76.60022,204.0,202.5,10.3273,34.4869,2286.6675311469626,,2268.8072067933176,
,SO289,08,11.0,2022.0,2.0,27.0,09:48:11,-32.49996,-76.60024,104.7,103.9,12.0687,34.0239,2253.7982312857853,,2098.344131187329,
,SO289,09,1.0,2022.0,2.0,27.0,22:29:15,-32.49994,-79.00118,4057.5,3990.9,1.6663,34.7023,2400.3207498195675,,2305.3212000149647,
,SO289,09,4.0,2022.0,2.0,27.0,22:52:22,-32.49994,-79.00106,3037.6,2994.7,1.792,34.6855,2395.1217626629523,,2312.2329527361608,
,SO289,09,7.0,2022.0,2.0,27.0,23:16:30,-32.5,-79.0012,2020.7,1996.9,2.2237,34.6377,2384.8311673502094,,2313.3989161821664,
,SO289,09,9.0,2022.0,2.0,27.0,23:29:55,-32.50002,-79.00114,1311.7,1298.4,3.1703,34.5499,2358.210456942411,,2300.572765788698,
,SO289,09,14.0,2022.0,2.0,27.0,23:50:22,-32.49999,-79.00094,405.3,402.0,7.1118,34.3575,2269.2707088285392,,2237.247677558732,
,SO289,09,16.0,2022.0,2.0,27.0,23:55:17,-32.50002,-79.00096,203.5,202.0,10.1234,34.3089,2271.285973868239,,2214.5524144822093,
,SO289,09,17.0,2022.0,2.0,27.0,23:58:06,-32.5,-79.00096,103.9,103.1,12.6932,34.0436,2260.291358208869,,2081.073714464281,
,SO289,09,22.0,2022.0,2.0,28.0,00:03:51,-32.50004,-79.00098,8.6,8.6,19.8614,34.1958,2273.486425992281,,2027.7201637920523,
