index,Year_UTC,Month_UTC,Day_UTC,hour,minute,second,Station_ID,bottle,Niskin_ID,Latitude,Longitude,Depth,CTDPRES,CTDSAL_PSS78,CTDTEMP_ITS90,oxygen,phosphate,nitrite,silicate,nitrate,density,TA,DIC,TA_ONLY,DIC_ONLY,Cast_number,Time_UTC,TA_flag,DIC_flag,TA_ONLY_flag,DIC_ONLY_flag
2,2022.0,2.0,23.0,17,18,30,01,40003,3.0,-33.60752,-71.72898,99.1,99.8,34.6036,11.4842,8.77,2.988371134244887,0.2530199816179881,26.59152084803721,24.88778784440103,1.0236345696643063,2287.739231464668,2294.4490418150403,,,2,17:18:30,2,2,2,2
14,2022.0,2.0,23.0,17,22,55,01,40015,15.0,-33.60752,-71.729,6.7,6.7,34.3438,14.2384,211.09,1.4246105756393843,0.4054961515022939,3.5370989600923,12.232304387125827,1.023437580017704,2282.8239462368665,2147.5353042456363,,,2,17:22:55,2,2,2,2
26,2022.0,2.0,28.0,18,34,02,10,40240,3.0,-32.49818,-81.9992,3929.7,3994.7,34.7019,1.657,166.8,2.3776285393655128,,122.9450813330088,34.78136473814644,1.0237091117057042,2407.933108050082,2310.83989140836,,,2,18:34:02,2,2,2,2
29,2022.0,2.0,28.0,18,56,20,10,40243,6.0,-32.49814,-81.99924,2745.0,2782.7,34.6796,1.8286,153.28,2.4704691483864063,,123.16885864475952,35.57026219857423,1.0236922009942213,2397.693998171884,2315.378793720604,,,2,18:56:20,2,2,2,2
32,2022.0,2.0,28.0,19,24,21,10,40246,9.0,-32.49814,-81.99926,1199.7,1211.7,34.5115,3.3203,115.65,2.7326068495263387,,77.39031783281351,39.33507936204127,1.0235647328794566,2348.598295638278,2280.159322790791,,,2,19:24:21,2,2,2,2
35,2022.0,2.0,28.0,19,35,41,10,40249,12.0,-32.4982,-81.9992,601.4,606.5,34.2494,5.4712,226.57,1.8839789301623344,,12.873204577779353,27.84145626461889,1.0233660096367811,2275.4213183220213,2176.685283535611,,,2,19:35:41,2,2,2,2
38,2022.0,2.0,28.0,19,42,53,10,40252,15.0,-32.49826,-81.9991,253.0,255.0,34.4465,9.7893,57.85,2.525609170372359,0.0039080992965142,17.80432337009497,28.86619842887866,1.0235154474114,2271.378435751661,2254.362370376666,,,2,19:42:53,2,2,2,2
39,2022.0,2.0,28.0,19,44,23,10,40253,16.0,-32.49824,-81.99908,202.7,204.2,34.1798,10.2511,150.63,1.9065520859223168,0.0039088715241872,7.4766940078891055,24.114805650592007,1.023313244052381,2282.3521404078247,2188.4119776080265,,,2,19:44:23,2,2,2,2
42,2022.0,2.0,28.0,19,46,50,10,40256,19.0,-32.4982,-81.99908,103.9,104.7,34.1222,13.3596,247.3,0.6772408905924213,0.6635592564390391,0.1016349965679824,6.9981558694550206,1.0232695775262377,2261.910240762179,2073.8083093163973,,,2,19:46:50,2,2,2,2
46,2022.0,2.0,28.0,19,53,17,10,40260,23.0,-32.49818,-81.99916,6.9,7.0,34.4461,19.9156,235.57,0.2833372829562184,,,,1.0235151441217534,2283.316419951256,2040.573374587848,,,2,19:53:17,2,2,2,2
48,2022.0,3.0,1.0,14,20,41,11,40262,1.0,-32.5002,-85.00054,3772.0,3833.0,34.7017,1.6646,165.62,2.427447738569044,,125.73007077624156,34.70713004078798,1.0237089600391902,2398.4253033997,2308.5402775044704,,,2,14:20:41,2,2,2,2
54,2022.0,3.0,1.0,14,55,07,11,40268,7.0,-32.5002,-85.00046,2095.7,2121.2,34.6439,2.1405,143.95,2.613159248937761,,116.33784976270915,36.027406766663425,1.0236651291295684,2388.348991140585,2310.209826797556,,,2,14:55:07,2,2,2,2
59,2022.0,3.0,1.0,15,16,35,11,40273,12.0,-32.50024,-85.00042,1100.3,1111.0,34.4591,3.52,127.35,2.7161036585270306,,66.25436596967394,38.534476401426126,1.0235250010699595,2322.8807043029856,2271.9539691701366,,,2,15:16:35,2,2,2,2
62,2022.0,3.0,1.0,15,28,18,11,40276,15.0,-32.50026,-85.00034,600.6,605.7,34.2547,5.5197,225.19,1.910354951691322,,12.331805365905106,28.00746477001364,1.0233700277894178,2275.120404681912,2174.4330783112287,,,2,15:28:18,2,2,2,2
66,2022.0,3.0,1.0,15,38,57,11,40280,19.0,-32.50018,-85.00032,351.9,354.7,34.3332,8.1274,133.25,2.18871930618837,,12.469837404274989,28.374205326966106,1.0234295433254688,2267.924924298244,2206.6320314862123,,,2,15:38:57,2,2,2,2
76,2022.0,3.0,2.0,09,17,35,12,40290,5.0,-32.49782,-87.9996,3652.1,3710.1,34.7006,1.6838,166.28,2.3981444886010057,,127.32047026467067,34.09077169355866,1.0237081258736673,2346.7571185111087,2305.2160374780747,,,2,09:17:35,2,2,2,2
85,2022.0,3.0,2.0,09,41,21,12,40299,14.0,-32.49792,-87.99962,2595.9,2630.6,34.6795,1.8365,162.49,2.421626521360523,,121.33823924879172,34.174337322822325,1.023692125161911,2385.6596999086028,2298.590939984284,,,2,09:41:21,2,2,2,2
101,2022.0,3.0,2.0,19,09,58,12,40315,6.0,-32.49802,-87.99978,552.6,557.3,34.2548,5.7178,231.77,1.792118016289206,,10.3530481911582,26.2700658396505,1.0233701036037324,2279.8547169346048,2169.419716627958,,,4,19:09:58,2,2,2,2
104,2022.0,3.0,2.0,19,16,33,12,40318,9.0,-32.49799,-87.99976,352.4,355.2,34.294,7.4922,168.14,1.9523161474363029,,10.089898167381014,27.234712543215533,1.0233998231401646,2272.96364589128,2193.2304232188226,,,4,19:16:33,2,2,2,2
110,2022.0,3.0,2.0,19,22,33,12,40324,15.0,-32.49802,-87.99976,202.5,204.1,34.1687,12.0238,226.03,0.8570271292695507,,0.5765632910707353,11.077832995894672,1.0233048290402105,2267.6829204814403,2103.213214846156,,,4,19:22:33,2,2,2,2
119,2022.0,3.0,2.0,19,32,26,12,40333,24.0,-32.49802,-87.99978,8.5,8.6,34.8133,20.9382,229.75,0.1982821551796872,,0.153351223464093,0.0136746313917025,1.0237935926005917,2310.612998630942,2056.2802443380747,,,4,19:32:26,2,2,2,2
125,2022.0,3.0,3.0,10,31,19,13,40339,6.0,-32.49998,-90.99824,2596.0,2630.7,34.6837,1.7914,164.74,2.4440866098139287,,118.14941301773976,33.95150847749517,1.0236953101226147,2412.048716389364,2298.310410757726,,,2,10:31:19,2,2,2,2
130,2022.0,3.0,3.0,10,57,43,13,40344,11.0,-32.49998,-90.99832,1299.4,1312.7,34.5327,3.2153,119.31,2.7540571083500884,,84.40857754676811,38.19043860323282,1.0235808079117203,2378.5212880789204,2291.538239459884,,,2,10:57:43,2,2,2,2
135,2022.0,3.0,3.0,11,18,01,13,40349,16.0,-32.50006,-90.99838,401.7,404.9,34.293,6.7293,187.31,1.9816316717450988,,10.547205258785304,27.682260976596964,1.023399064980662,2271.0070080105065,2190.2625787720644,,,2,11:18:01,2,2,2,2
137,2022.0,3.0,3.0,11,22,46,13,40351,18.0,-32.50004,-90.99838,202.6,204.2,34.1866,11.7396,226.85,0.9742813192446652,0.003908851832476,0.6322567839030074,12.45555636418506,1.0233183992206152,2258.1905628898216,2093.926117615445,,,2,11:22:46,2,2,2,2
143,2022.0,3.0,3.0,11,31,18,13,40357,24.0,-32.50004,-90.99836,8.1,8.2,34.8155,21.4462,229.01,0.2158634723274526,,,0.1054898416803841,1.023795261037752,2315.095816422038,2040.132088022856,,,2,11:31:18,2,2,2,2
158,2022.0,3.0,4.0,05,36,24,14,40372,15.0,-32.4998,-94.00096,352.5,355.3,34.2815,8.0541,188.42,1.7911054240914872,,7.493719311160729,24.081720227351177,1.0233903461767266,,,2276.670375129449,2169.8465383183616,2,05:36:24,2,2,2,2
163,2022.0,3.0,4.0,05,45,23,14,40377,20.0,-32.49974,-94.00102,63.9,64.4,34.7121,17.607,263.8,0.1807140329795822,,,0.0576331240313262,1.023716846720487,,,2162.8825821924024,2055.7442292190854,2,05:45:23,2,2,2,2
166,2022.0,3.0,4.0,05,49,09,14,40380,23.0,-32.49966,-94.00098,8.9,9.0,35.1948,22.2525,223.77,0.1757670125819625,,,0.0488241701616562,1.0240829456896159,2316.964039886313,2066.824721964544,,,2,05:49:09,2,2,2,2
168,2022.0,3.0,5.0,00,15,58,15,40382,1.0,-32.50024,-97.00078,3793.7,3855.2,34.6995,1.788,167.67,2.404984334819674,0.0126989424665539,118.87480042941128,34.18262259477858,1.0237072917086594,,,2392.542298108407,2312.5751073322895,2,00:15:58,2,2,2,2
174,2022.0,3.0,5.0,00,53,26,15,40388,7.0,-32.50024,-97.00068,2097.0,2122.6,34.6542,2.0249,157.44,2.4304637774940625,0.0126993686123082,110.91921608342577,34.69955942136921,1.0236729397239817,,,2380.6225999876256,2303.0793415675244,2,00:53:26,2,2,2,2
178,2022.0,3.0,5.0,01,11,37,15,40392,11.0,-32.50014,-97.00072,1299.6,1312.9,34.5231,3.2331,121.7,2.756030632973365,0.04689453044407,82.49529480619316,38.08519750627461,1.023573528628215,2350.930233130184,2289.486205519672,,,2,01:11:37,2,2,2,2
182,2022.0,3.0,5.0,01,26,19,15,40396,15.0,-32.50028,-97.00088,600.7,605.8,34.2574,5.6575,242.64,1.8009090197237343,0.0175889106646919,10.685263228800345,25.394478353000764,1.0233720747773936,2276.971925111706,2157.5075652658325,,,2,01:26:19,2,2,2,2
196,2022.0,3.0,5.0,19,24,14,16,40410,5.0,-32.50022,-100.00037,3593.7,3650.3,34.6987,1.7797,167.2,2.4069394446664614,,120.47786910247297,34.359451309536574,1.0237066850435224,2389.7372592515985,2303.2998975900146,,,2,19:24:14,2,2,2,2
205,2022.0,3.0,5.0,19,45,51,16,40419,14.0,-32.50016,-100.00031,2594.7,2629.3,34.6839,1.7946,165.0,2.4108732451449275,,118.29690031890225,34.695865446133524,1.0236954617875973,2389.004993549903,2300.671860203248,,2308.4990489977686,2,19:45:51,2,2,2,2
214,2022.0,3.0,5.0,20,20,36,16,40428,23.0,-32.50024,-100.00024,1100.2,1110.9,34.4113,3.7713,145.84,2.5696422935530263,,54.55458064746266,36.53093373142742,1.0234887581817924,,,,2252.6871756714286,2,20:20:36,2,2,2,2
215,2022.0,3.0,5.0,20,26,50,16,40429,24.0,-32.50022,-100.0002,800.7,807.9,34.2684,5.0415,218.08,1.9924164771276256,,17.883867760858166,28.86609865170534,1.0233804143898326,2280.6811288790027,2176.9340659806894,,,2,20:26:50,2,2,2,2
221,2022.0,3.0,6.0,05,03,15,16,40435,6.0,-32.5001,-100.00004,550.1,554.8,34.278,6.0855,242.37,1.701212563452727,,8.491405615395864,24.68663653249265,1.0233876926387855,2284.521287936272,2157.072729802346,,,4,05:03:15,2,2,2,2
224,2022.0,3.0,6.0,05,09,48,16,40438,9.0,-32.5001,-100.00006,351.4,354.2,34.2532,8.3928,203.53,1.6035273449417082,,5.066599197759145,21.9383256680599,1.023368890575205,2266.943850816419,2156.6504462588705,,,4,05:09:48,2,2,2,2
230,2022.0,3.0,6.0,05,16,17,16,40444,15.0,-32.50007,-100.00008,201.1,202.7,34.4858,14.0041,230.16,0.5539569474273168,0.0576427864165991,0.1309175149122759,5.350032176564351,1.0235452459496313,2274.521439493222,2082.879385265272,,,4,05:16:17,2,2,2,2
239,2022.0,3.0,6.0,05,26,08,16,40453,24.0,-32.5001,-100.00002,6.3,6.3,35.2468,22.6105,223.03,0.170878013819346,,,,1.024122390520127,2328.550394062148,2065.771629029229,,,4,05:26:08,2,2,2,2
240,2022.0,3.0,6.0,20,21,39,17,40454,1.0,-31.42744,-102.99872,3557.3,3612.6,34.6971,1.8083,168.45,2.348331689557942,,115.28120466368176,33.77729332842534,1.023705471714065,2392.316857697296,2297.361711342118,,,2,20:21:39,2,2,2,2
245,2022.0,3.0,6.0,20,47,12,17,40459,6.0,-31.42748,-102.9988,2395.4,2426.0,34.6742,1.8271,162.65,2.446057529815773,0.0048843001793445,115.99919867932653,34.4059873233392,1.0236881060555394,2387.7810987508938,2301.2340267037275,,,2,20:47:12,2,2,2,2
246,2022.0,3.0,6.0,20,51,38,17,40460,7.0,-31.4274,-102.99872,2195.6,2222.6,34.6643,1.9226,160.47,2.4490060700410976,,112.42569229712396,34.793079057301064,1.0236805987001614,2383.0645419579605,2299.0621437693308,,,2,20:51:38,2,2,2,2
250,2022.0,3.0,6.0,21,11,24,17,40464,11.0,-31.4276,-102.99882,1297.5,1310.6,34.5046,3.3443,129.47,2.668139954207406,0.0048849138670952,68.62717793604726,37.16051676976672,1.0235595009525154,2330.530150358263,2276.294654548112,,,2,21:11:24,2,2,2,2
255,2022.0,3.0,6.0,21,31,32,17,40469,16.0,-31.42744,-102.99868,401.0,404.2,34.2876,7.6859,214.72,1.631823535822032,0.0107485382599056,5.869679029750268,22.80448962815245,1.0233949709266428,2266.661428599537,2156.50356502395,,,2,21:31:32,2,2,2,2
257,2022.0,3.0,6.0,21,36,38,17,40471,18.0,-31.4275,-102.99876,201.4,202.9,34.614,15.1245,240.58,0.3135860555080736,0.4024842830820135,,0.912427962132526,1.0236424559118684,2291.900749722756,2068.3755702023595,,,2,21:36:38,2,2,2,2
258,2022.0,3.0,6.0,21,39,05,17,40472,19.0,-31.42752,-102.99876,102.1,102.8,34.8247,16.5846,248.14,0.192419973953043,0.0136745159154446,,0.0498143079776913,1.0238022381609648,2294.114093254846,2056.249924504676,,,2,21:39:05,2,2,2,2
263,2022.0,3.0,6.0,21,43,52,17,40477,24.0,-31.42754,-102.99878,7.8,7.8,35.2726,22.8993,220.54,0.1503697785715561,0.0107406984693968,0.060538482282055,,1.024141961655655,2321.170866842139,2061.994563830729,,,2,21:43:52,2,2,2,2
265,2022.0,3.0,7.0,14,41,33,18,40479,2.0,-31.43038,-106.0002,3396.2,3447.8,34.695,1.8032,167.17,2.3971775918909946,0.0078147598757652,115.72877900020778,34.111426857715365,1.0237038792208055,2394.0954242638054,2297.154425716567,,,2,14:41:33,2,2,2,2
282,2022.0,3.0,7.0,15,46,57,18,40496,19.0,-31.43034,-106.00016,351.2,354.0,34.3013,9.16,220.8,1.3572334652401254,0.0078170393966313,3.038874065440454,18.50195512190193,1.0234053577173285,2267.520223563185,2138.8237924442856,,,2,15:46:57,2,2,2,2
285,2022.0,3.0,7.0,15,55,14,18,40499,22.0,-31.43032,-106.00012,62.8,63.2,35.2133,19.0136,248.75,0.1591646136763738,0.0039058800902177,0.1113175825712062,,1.0240969788135479,2313.2002527594723,2061.081508015463,,,2,15:55:14,2,2,2,2
292,2022.0,3.0,8.0,08,44,24,19,40506,5.0,-31.42988,-108.00006,2995.4,3038.0,34.6893,1.7871,165.33,2.43235428166899,,117.35767511864688,34.28447318222351,1.0236995567485572,2388.310308298157,2299.7619582684074,,,1,08:44:24,2,2,2,2
299,2022.0,3.0,8.0,09,04,24,19,40513,12.0,-31.42998,-107.9999,2498.6,2531.2,34.6778,1.7952,162.0,2.4567964384584635,,117.59116694724231,34.53972503817668,1.0236908360132828,2384.5648765006044,2299.5830219800214,,,1,09:04:24,2,2,2,2
310,2022.0,3.0,8.0,09,41,01,19,40524,23.0,-31.4299,-108.0,1100.4,1111.1,34.3901,3.7383,158.5,2.4954256614061374,,49.22652140679876,35.41374436087136,1.0234726842397126,2305.9219630748494,2236.8495854782896,,,1,09:41:01,2,2,2,2
311,2022.0,3.0,8.0,09,51,35,19,40525,24.0,-31.42984,-108.00004,700.7,706.8,34.2783,5.7308,234.95,1.817492627669548,,11.175625367019686,26.4249748011116,1.023387920084692,2274.8491757383395,2161.2474561300546,,,1,09:51:35,2,2,2,2
316,2022.0,3.0,8.0,13,07,32,19,40530,5.0,-31.42996,-107.9999,600.5,605.6,34.2928,6.0786,242.07,1.7148738161712624,,8.961314967582135,24.16359806273456,1.0233989133488117,2288.150330011043,2310.9626678311342,,,4,13:07:32,2,2,2,2
320,2022.0,3.0,8.0,13,13,12,19,40534,9.0,-31.43,-107.99986,349.1,351.8,34.3458,8.9478,219.95,1.3415551593215034,,3.2351705262297874,18.55215426805345,1.0234390963800548,2296.9003569473502,2265.300263167897,,,4,13:13:12,2,2,2,2
326,2022.0,3.0,8.0,13,17,06,19,40540,15.0,-31.43,-107.99988,201.7,203.2,34.7713,14.885,220.46,0.4708126712398576,0.030280483005053,0.2520117617839902,4.178706654697327,1.0237617410140665,2301.381916341672,2087.1230773004904,,,4,13:17:06,2,2,2,2
328,2022.0,3.0,8.0,13,20,01,19,40542,17.0,-31.43004,-107.9999,102.9,103.6,35.1878,18.2561,243.81,0.1601441084652825,,,,1.024077635897254,2316.065124686196,2056.2100334410284,,,4,13:20:01,2,2,2,2
335,2022.0,3.0,8.0,13,24,52,19,40549,24.0,-31.43,-107.99994,7.3,7.4,35.5309,23.8795,216.19,0.1415548499004644,,,,1.0243379163762882,2346.870437153144,2141.8789661234614,,,4,13:24:52,2,2,2,2
338,2022.0,2.0,23.0,22,20,35,02,40027,3.0,-33.09024,-71.8253,156.4,157.6,34.6789,11.1181,6.74,2.815300821512637,0.0410279786618774,26.94170598796618,24.42239272679994,1.0236916701681371,2283.39768313919,2287.559053018068,,,2,22:20:35,2,2,2,2
348,2022.0,2.0,23.0,22,35,12,02,40037,13.0,-33.09018,-71.82524,6.8,6.9,34.271,14.4968,277.68,1.113953118663139,0.424083906578774,2.2621065523729533,12.032647985278857,1.0233823855784163,2266.4637296287383,2131.5191403508584,,,2,22:35:12,2,2,2,2
351,2022.0,3.0,8.0,23,32,40,20,40551,2.0,-31.43018,-110.00024,2644.2,2679.6,34.6762,1.8196,162.55,2.4685216534087804,,117.4701758557048,35.0174498257794,1.0236896226980496,2389.1389007962484,2297.6219735309605,,,2,23:32:40,2,2,2,2
367,2022.0,3.0,9.0,00,22,43,20,40567,18.0,-31.43014,-110.0003,349.5,352.2,34.3603,9.2387,223.29,1.2760759051048751,,2.142752266382076,17.399969156284545,1.0234500900576644,2271.136828384489,2135.099220230434,,,2,00:22:43,2,2,2,2
370,2022.0,3.0,9.0,00,32,14,20,40570,21.0,-31.43014,-110.00032,61.9,62.3,35.5611,21.3222,237.93,0.1337419355837853,,,0.0468584883797204,1.0243608289501207,2327.854111383549,2058.57017929938,,,2,00:32:14,2,2,2,2
378,2022.0,3.0,9.0,20,51,42,22,40602,5.0,-31.43028,-111.98982,599.8,604.9,34.2977,6.1634,241.02,1.7119361935312705,,8.086748822868033,24.817212011020096,1.0234026283339968,2273.8118942550404,2157.4738389836307,,2165.814253973779,2,20:51:42,2,2,2,2
381,2022.0,3.0,9.0,20,57,09,22,40605,8.0,-31.4303,-111.9898,350.4,353.2,34.3662,9.1135,221.82,1.319061977261902,,2.5453010746424103,18.06040117608073,1.0234545633726166,2270.2231806644354,2137.4775904138933,,,2,20:57:09,2,2,2,2
387,2022.0,3.0,9.0,21,01,32,22,40611,14.0,-31.43028,-111.98972,200.9,202.4,34.6727,14.1944,224.01,0.5108983664490194,0.0126991945771266,,4.949755301715451,1.0236869685747727,2285.651735522297,2091.7664808269287,,,2,21:01:32,2,2,2,2
389,2022.0,3.0,9.0,21,04,49,22,40613,16.0,-31.43026,-111.98975,101.6,102.3,35.0832,17.6733,245.11,0.1562502601731159,,,0.0205078466477214,1.0239982949323068,2300.627668804502,2057.701089175679,,,2,21:04:49,2,2,2,2
396,2022.0,3.0,9.0,21,09,32,22,40620,23.0,-31.43022,-111.98974,7.3,7.3,35.5246,24.554,214.87,0.1210543675326745,,,,1.0243331366506074,2329.4732993695648,2053.4103170613744,,,2,21:09:32,2,2,2,2
411,2022.0,3.0,10.0,04,52,17,22,40588,15.0,-31.43002,-111.98996,1996.4,2020.0,34.6488,2.0331,157.66,2.483224934317829,,109.05284512888927,34.94294095222217,1.0236688448436173,2376.218652087417,2295.206482827108,,,4,04:52:17,2,2,2,2
420,2022.0,3.0,10.0,05,16,24,22,40597,24.0,-31.43006,-111.98996,1099.2,1109.8,34.3777,3.828,162.38,2.541371091909216,,45.95279654885903,35.24210454212746,1.0234632825881353,2303.509474686251,2236.0659686798303,,,4,05:16:24,2,2,2,2
422,2022.0,3.0,10.0,15,24,34,23,40622,2.0,-31.42988,-114.00022,2863.6,2903.4,34.6774,1.7572,164.49,2.473403747674078,,119.9737577702763,34.886519763303454,1.0236905326843724,2390.216401779041,2298.3740321369573,,2317.69262706616,2,15:24:34,2,2,2,2
438,2022.0,3.0,10.0,16,19,06,23,40638,18.0,-31.42994,-114.00022,350.9,353.6,34.4582,10.6423,215.43,1.0971893676804303,,1.525122531566475,14.6826017965285,1.0235243186635468,2275.2739680422083,2124.28056159238,,,2,16:19:06,2,2,2,2
441,2022.0,3.0,10.0,16,26,59,23,40641,21.0,-31.42996,-114.00022,62.3,62.8,35.7157,21.588,235.74,0.1112761675823858,,,,1.024478129295723,2348.2077622956253,2059.2326101806343,,,2,16:26:59,2,2,2,2
449,2022.0,3.0,11.0,09,12,01,24,40649,5.0,-31.43,-116.00024,3301.8,3351.2,34.6824,1.7439,166.69,2.4763251488493268,,120.96188975610038,33.25602105223924,1.0236943243006427,2398.0527538157344,2305.660622782047,,,1,09:12:01,2,2,2,2
459,2022.0,3.0,11.0,13,09,44,24,40659,15.0,-31.43008,-116.00018,1998.6,2022.3,34.641,2.0728,155.77,2.509615152229716,,109.54094039119298,34.5875570571605,1.0236629300383058,2384.4788721567315,2295.052665621516,,,1,13:09:44,2,2,2,2
468,2022.0,3.0,11.0,13,35,43,24,40668,24.0,-31.43004,-116.0003,1001.8,1011.2,34.3146,4.4961,192.72,2.244445322260918,,29.013632979492137,31.07926528739792,1.023415441319881,2292.4997076180334,2204.9096995056766,,,1,13:35:43,2,2,2,2
473,2022.0,3.0,11.0,17,02,19,24,40673,5.0,-31.43007,-116.0002,599.9,604.9,34.3191,6.5357,245.39,1.6298312220620357,,6.481217323703526,22.24993210885768,1.0234188530820227,2273.110994748825,2150.6424170457567,,,4,17:02:19,2,2,2,2
479,2022.0,3.0,11.0,17,11,20,24,40679,11.0,-31.43004,-116.00012,231.1,232.8,34.921,15.4575,223.58,0.3789524079549467,0.0507874361176732,,1.5880840601410908,1.0238752726071316,2296.8732593531304,2085.9435415163603,,,4,17:11:20,2,2,2,2
488,2022.0,3.0,11.0,17,21,31,24,40688,20.0,-31.4301,-116.00016,7.4,7.5,35.7428,25.2598,210.88,0.1132261084357112,,,,1.024498692065035,2357.046854712266,2055.7807940211574,,,4,17:21:31,2,2,2,2
493,2022.0,3.0,12.0,08,31,54,25,40693,1.0,-31.43,-119.00008,3492.0,3545.9,34.6873,1.6961,169.38,2.4186819775199124,,120.0031602957951,34.67721789983012,1.0236980400949036,2393.7698964556503,2303.7884433236004,,,2,08:31:54,2,2,2,2
498,2022.0,3.0,12.0,08,57,43,25,40698,6.0,-31.42998,-119.00002,2295.3,2324.1,34.6581,1.8913,158.49,2.52423643772992,,116.14906664460128,35.37545438061671,1.0236758971452875,2383.7895127199818,2316.189783998024,,,2,08:57:43,2,2,2,2
503,2022.0,3.0,12.0,09,18,45,25,40703,11.0,-31.43002,-119.0001,1347.9,1361.7,34.493,2.9831,162.21,2.496212436553665,,68.49978182547441,35.551731645303846,1.023550705294738,2331.0378695389427,2256.1087357602823,,,2,09:18:45,2,2,2,2
508,2022.0,3.0,12.0,09,39,32,25,40708,16.0,-31.43004,-119.0001,401.2,404.4,34.3361,7.634,232.92,1.5213520707290349,,4.307077667163511,21.444517595562058,1.0234317420384373,2240.326498538487,2168.104371387068,,,2,09:39:32,2,2,2,2
510,2022.0,3.0,12.0,09,44,34,25,40710,18.0,-31.42994,-119.0001,202.1,203.6,34.6404,13.4648,224.48,0.6427899977139072,,,6.929041723077118,1.0236624750543528,2279.506811308481,2100.9402734178616,,,2,09:44:34,2,2,2,2
512,2022.0,3.0,12.0,09,47,08,25,40712,20.0,-31.42998,-119.0001,102.2,103.0,34.932,16.7548,250.93,0.1826379455654263,,,,1.0238836153192001,2295.4393230765586,2051.2991655909923,,,2,09:47:08,2,2,2,2
516,2022.0,3.0,12.0,09,52,06,25,40716,24.0,-31.42996,-119.00002,8.1,8.2,35.1545,24.7759,215.03,0.1230405815770576,,,,1.0240523767444074,2307.0894031674547,2042.826167839788,,,2,09:52:06,2,2,2,2
517,2022.0,3.0,13.0,03,54,56,26,40717,1.0,-31.43008,-122.00022,3492.3,3546.1,34.6902,1.6504,170.58,2.424537872370484,,122.85627684620908,33.6621978573275,1.0237002392432566,2392.7346346261006,2301.3168893034376,,,2,03:54:56,2,2,2,2
527,2022.0,3.0,13.0,04,42,43,26,40727,11.0,-31.43002,-121.99992,1348.2,1362.0,34.4852,3.0466,163.59,2.514789799743048,,67.40203321463603,34.81137348665289,1.0235447910051974,2349.260373111046,2253.91130098574,,,2,04:42:43,2,2,2,2
532,2022.0,3.0,13.0,05,02,40,26,40732,16.0,-31.43008,-122.00001,400.4,403.6,34.4181,8.737,224.83,1.3561389872416012,,3.2496529334045863,18.30983041852133,1.0234939140148196,2300.295705244213,2166.492421742085,,,2,05:02:40,2,2,2,2
536,2022.0,3.0,13.0,05,11,33,26,40736,20.0,-31.43002,-122.0,103.0,103.8,35.1053,17.7901,249.92,0.1396463840182678,,,,1.0240150577854812,2329.555557604301,2055.7926338087627,,,2,05:11:33,2,2,2,2
540,2022.0,3.0,13.0,05,17,27,26,40740,24.0,-31.43,-122.0,7.5,7.5,35.4355,25.1778,211.6,0.0761521275405983,,,,1.0242655395073044,2344.517482087956,2037.7764034926468,,,2,05:17:27,2,2,2,2
541,2022.0,3.0,13.0,23,00,18,27,40741,1.0,-31.42956,-125.00012,3492.6,3546.5,34.6912,1.6174,172.2,2.4196518376724083,,122.90600507230712,34.078310056132274,1.0237009975711042,2397.514531407564,2300.512755842601,,,2,23:00:18,2,2,2,2
546,2022.0,3.0,13.0,23,26,12,27,40746,6.0,-31.42954,-125.00002,2294.9,2323.7,34.6601,1.8833,158.48,2.5300939193834084,,119.18207665654572,34.841053949316084,1.0236774137741063,2415.7530494174543,2297.7999322850783,,,2,23:26:12,2,2,2,2
551,2022.0,3.0,13.0,23,47,15,27,40751,11.0,-31.42954,-124.99998,1349.9,1363.8,34.4732,3.0714,168.46,2.4825709738231585,,64.6142586988566,34.39547860426773,1.0235356921485554,2349.168325946181,2249.138557142448,,,2,23:47:15,2,2,2,2
556,2022.0,3.0,14.0,00,07,53,27,40756,16.0,-31.42951,-125.00002,402.3,405.5,34.3993,8.2405,229.66,1.4304143576514128,,3.8740388853059096,19.70337154125573,1.0234796597006557,2230.60621039536,2142.5543100909063,,,2,00:07:53,2,2,2,2
564,2022.0,3.0,14.0,00,21,18,27,40764,24.0,-31.42956,-124.99992,8.1,8.2,35.4643,24.9809,211.43,0.0663876181130656,,,0.0273360780465564,1.0242873887143873,2332.931255183822,2038.8541502174144,,,2,00:21:18,2,2,2,2
565,2022.0,3.0,14.0,18,15,00,28,40765,1.0,-31.43,-127.99992,997.1,1006.5,34.3206,4.5541,200.7,2.137929706920657,,28.530808735089696,30.70098326848585,1.0234199903379713,2317.474976678984,2198.006549947724,,,2,18:15:00,2,2,2,2
570,2022.0,3.0,14.0,18,23,32,28,40770,6.0,-31.42998,-128.00006,600.0,605.1,34.335,6.5819,244.04,1.6210180745582636,,7.563773909075055,23.29419583934237,1.0234309080434447,2299.8667473557,2152.146835263351,,,2,18:23:32,2,2,2,2
576,2022.0,3.0,14.0,18,32,11,28,40776,12.0,-31.43006,-127.99994,201.1,202.6,34.7701,14.2009,231.92,0.4219735576194664,0.1670311998910388,0.2666638454400795,3.233177027130634,1.0237608309797823,2285.4883319750224,2088.002681061992,,,2,18:32:11,2,2,2,2
585,2022.0,3.0,14.0,18,40,37,28,40785,21.0,-31.42998,-128.00004,7.1,7.2,35.3864,24.5621,213.08,0.084942000538015,,0.1113033110498128,,1.024228290468199,2344.781231488589,2062.540824995663,,,2,18:40:37,2,2,2,2
593,2022.0,3.0,15.0,03,20,45,28,40793,5.0,-31.43,-128.00002,3491.4,3545.2,34.6906,1.6225,171.07,2.445050965495824,,121.95656327976712,34.33718996729673,1.0237005425743446,2390.374202409409,2290.702969438832,,,4,03:20:45,2,2,2,2
604,2022.0,3.0,15.0,04,03,26,28,40804,16.0,-31.43,-127.99984,1997.9,2021.5,34.6392,2.0796,154.65,2.5252486643674468,0.0048844268169583,111.48997275316364,35.32808228169607,1.023661565086906,2397.1853830371497,2309.2077748563856,,,4,04:03:26,2,2,2,2
613,2022.0,3.0,15.0,18,40,20,29,40813,1.0,-31.43016,-131.00058,4090.3,4159.2,34.7032,1.5105,182.41,2.403024065030852,0.010745229559081,121.33220166399067,33.97641586581426,1.02371009753846,2373.196017183249,2290.525894034336,,,2,18:40:20,2,2,2,2
618,2022.0,3.0,15.0,19,16,36,29,40818,6.0,-31.43018,-131.00052,2295.7,2324.5,34.656,1.9238,156.51,2.552569687484065,0.0078149856486308,119.05056075162476,35.598236502719786,1.0236743046868577,2416.378166354971,2303.4189253545314,,,2,19:16:36,2,2,2,2
623,2022.0,3.0,15.0,19,37,13,29,40823,11.0,-31.42998,-131.00052,1348.1,1362.0,34.4906,2.9576,169.21,2.451275200938148,,68.81058735642675,34.67054725216902,1.0235488855105943,2340.6085754120327,2253.801099816645,,,2,19:37:13,2,2,2,2
628,2022.0,3.0,15.0,19,57,48,29,40828,16.0,-31.43008,-131.00052,402.1,405.3,34.4159,8.5137,227.32,1.3854526066146535,,4.184692182038479,19.31035635904938,1.0234922459490516,2273.0393571277423,2142.729397395556,,,2,19:57:48,2,2,2,2
630,2022.0,3.0,15.0,20,03,26,29,40830,18.0,-31.43012,-131.00058,152.4,153.6,35.0617,16.1819,230.26,0.2382854415479545,0.0332037090681575,0.1191427207739772,0.4521563911340284,1.0239819873800198,2304.910181249676,2077.043698417512,,,2,20:03:26,2,2,2,2
636,2022.0,3.0,15.0,20,10,21,29,40836,24.0,-31.42998,-131.00038,7.7,7.8,35.4944,24.153,213.71,0.0839589393316377,,,,1.0243102245527436,2336.5033086875937,2051.043245830823,,,2,20:10:21,2,2,2,2
639,2022.0,2.0,24.0,00,51,06,03,40041,3.0,-32.96732,-71.8639,823.2,830.7,34.3906,4.9001,125.54,2.5804294168539665,0.0068394569927973,40.00007568973288,36.86955851760107,1.0234730633399307,2296.690690053275,2244.7857707816584,,,1,00:51:06,2,2,2,2
640,2022.0,2.0,24.0,00,55,34,03,40042,4.0,-32.96736,-71.8639,599.1,604.2,34.3891,6.3901,123.42,2.430941129599436,0.0058623982225066,23.342115589280755,34.83632437087551,1.0234719260395937,2278.7535037853368,2228.382109491787,,,1,00:55:34,2,2,2,2
645,2022.0,2.0,24.0,01,03,29,03,40047,9.0,-32.96738,-71.86384,298.7,301.1,34.649,9.9222,7.37,2.8124325439450395,0.018560687160457,27.62807127747607,30.63490259747012,1.0236689965056318,2283.881812631666,2293.114113553472,,,1,01:03:29,2,2,2,2
648,2022.0,2.0,24.0,01,08,36,03,40050,12.0,-32.96734,-71.86388,101.7,102.5,34.6902,11.6347,5.75,2.8006245286406832,0.0302823021931849,25.63348038230212,23.467807351260472,1.0237002392432566,2287.607696687264,2291.915826822298,,,1,01:08:36,2,2,2,2
654,2022.0,2.0,24.0,01,14,56,03,40056,18.0,-32.96726,-71.864,7.2,7.2,34.2842,15.6591,318.22,0.2003141721231163,0.117257076364751,,0.4924797207319544,1.0233923931952436,2285.0283075599,2026.0449362836707,,,1,01:14:56,2,2,2,2
656,2022.0,3.0,16.0,14,06,03,30,40837,1.0,-31.42996,-134.00004,4141.2,4211.4,34.7097,1.4124,187.36,2.318027906281007,,116.27259236604644,32.96815922333923,1.0237150267130257,2384.1153984741086,2284.616971949643,,,2,14:06:03,2,2,2,2
661,2022.0,3.0,16.0,14,43,12,30,40842,6.0,-31.42998,-133.99992,2295.7,2324.6,34.6564,1.9208,156.01,2.530100854049233,,118.70764308199024,35.3315396483601,1.0236746080121284,2392.3389118274904,2308.960212872632,,,2,14:43:12,2,2,2,2
666,2022.0,3.0,16.0,15,04,30,30,40847,11.0,-31.43006,-133.99994,1348.4,1362.3,34.4868,2.965,170.66,2.445420127431493,,67.89045115265162,34.44691284577689,1.0235460041906932,2337.8727646686148,2249.953878821521,,,2,15:04:30,2,2,2,2
670,2022.0,3.0,16.0,15,25,53,30,40851,15.0,-31.43006,-133.99998,400.9,404.1,34.4427,8.7413,226.16,1.351229135549702,,4.040986048180454,18.39938328320462,1.023512566162491,2285.0874828300125,2146.1471818778086,,,2,15:25:53,2,2,2,2
674,2022.0,3.0,16.0,15,34,46,30,40855,19.0,-31.43004,-133.99992,102.1,102.8,35.1972,17.5022,242.64,0.1230366900859115,,0.1777196634574277,,1.0240847661946961,2304.5717349705315,2060.33503202819,,,2,15:34:46,2,2,2,2
678,2022.0,3.0,16.0,15,40,59,30,40859,23.0,-31.43008,-133.99998,8.3,8.3,35.4938,24.2068,214.06,0.0595522973863066,,0.1796331593291873,,1.0243097693494896,2321.705639009865,2046.1881190728147,,,2,15:40:59,2,2,2,2
682,2022.0,3.0,17.0,18,42,24,31,40863,3.0,-31.42988,-137.99994,599.1,604.2,34.3711,6.9505,244.04,1.5408542127346985,,6.594308866040887,21.79473308133176,1.023458278509782,2285.996347619732,2148.4724527467083,,,2,18:42:24,2,2,2,2
687,2022.0,3.0,17.0,18,51,52,31,40868,8.0,-31.42996,-137.9999,250.8,252.7,34.9138,13.5031,210.53,0.6358230239834886,,0.9962204062414106,7.513650573740364,1.0238698119508576,2316.341260462126,2111.499675634079,,,2,18:51:52,2,2,2,2
695,2022.0,3.0,17.0,19,01,57,31,40876,16.0,-31.43008,-138.00002,6.6,6.7,35.3311,23.456,215.45,0.0507720109255558,,0.1435285693472445,,1.0241863391277657,2339.0408357537144,2045.590650358491,,,2,19:01:57,2,2,2,2
714,2022.0,3.0,18.0,06,52,28,31,40895,15.0,-31.43016,-137.99998,1797.3,1817.7,34.6106,2.3061,155.61,2.4920873595757578,,101.1586225339356,35.44703639443605,1.0236398777104954,2373.717262156624,2287.6717850183973,,,4,06:52:28,2,2,2,2
724,2022.0,3.0,18.0,21,01,45,32,40905,1.0,-31.42994,-140.99976,4488.4,4568.1,34.7161,1.3234,194.99,2.3033644709867733,,118.15927614058612,33.071546874354624,1.0237198800717024,2373.603532065743,2274.8426719859067,,,2,21:01:45,2,2,2,2
729,2022.0,3.0,18.0,21,43,47,32,40910,6.0,-31.42988,-140.9999,2294.9,2323.7,34.6583,1.9147,154.98,2.544750366127161,,119.7507748107732,35.68804803290733,1.0236760488080927,2343.5323697952563,2310.0907709830963,,,2,21:43:47,2,2,2,2
734,2022.0,3.0,18.0,22,05,33,32,40915,11.0,-31.42996,-140.99998,1349.3,1363.1,34.4652,3.111,172.0,2.429827076958936,,63.55946943770149,34.817751323516525,1.0235296262780227,2347.306301701465,2243.459677894671,,,2,22:05:33,2,2,2,2
739,2022.0,3.0,18.0,22,25,26,32,40920,16.0,-31.4299,-140.99984,400.9,404.0,34.4533,8.3967,234.97,1.3209309080642622,,3.77911298253888,18.625907419628028,1.023520603345763,2275.2265910154456,2141.222127702728,,,2,22:25:26,2,2,2,2
741,2022.0,3.0,18.0,22,31,09,32,40922,18.0,-31.42996,-140.99982,152.3,153.4,35.149,16.2328,231.94,0.2070215044509452,,0.2529177813811077,0.2792837277026903,1.024048204858034,2329.985789424602,2083.1526929026613,,,2,22:31:09,2,2,2,2
743,2022.0,3.0,18.0,22,32,49,32,40924,20.0,-31.43004,-140.99986,101.6,102.3,35.3563,18.1861,238.2,0.097636660116534,,0.2177297520598709,,1.0242054560310154,2270.13280713549,2070.5485414508016,,,2,22:32:49,2,2,2,2
747,2022.0,3.0,18.0,22,38,23,32,40928,24.0,-31.43001,-140.99984,7.0,7.0,35.1963,23.0005,219.51,0.0576124567799826,,0.1933434990243484,,1.0240840835050016,2328.971615516322,2038.4209536803496,,,2,22:38:23,2,2,2,2
749,2022.0,3.0,23.0,21,28,07,33,40930,2.0,-26.16988,-152.00006,4619.0,4700.6,34.7155,1.3095,195.21,2.277967910830414,,120.69029557754295,32.35261458263435,1.0237194250685862,2399.8754381149424,2278.80196552742,,,2,21:28:07,2,2,2,2
751,2022.0,3.0,23.0,21,32,59,33,40932,4.0,-26.16988,-152.0,4390.0,4465.1,34.7136,1.3304,192.36,2.2975077474851275,,120.69241910736606,32.45718109085389,1.0237179842263948,2376.49762268818,2279.889317392735,,,2,21:32:59,2,2,2,2
756,2022.0,3.0,23.0,21,55,11,33,40937,9.0,-26.1698,-152.00002,3293.6,3341.4,34.6882,1.6153,165.95,2.45189326177183,,126.99439506110956,34.772926071431016,1.0236987225888372,2393.9707726338697,2297.781839597553,,,2,21:55:11,2,2,2,2
760,2022.0,3.0,23.0,22,05,01,33,40941,13.0,-26.16986,-152.00004,2795.4,2832.7,34.6745,1.7626,155.43,2.497830556618914,,128.27048594410363,34.97060465248358,1.0236883335518074,2397.3124821061674,2313.623165556018,,,2,22:05:01,2,2,2,2
761,2022.0,3.0,23.0,22,13,10,33,40942,14.0,-26.1698,-152.0001,2396.0,2425.7,34.6598,1.928,150.21,2.53595570439015,,124.97494494817003,35.450628856825325,1.023677186279675,2396.2134937975343,2312.047266793156,,,2,22:13:10,2,2,2,2
765,2022.0,3.0,23.0,22,18,35,33,40946,18.0,-26.16978,-152.00004,2147.3,2172.6,34.6506,2.02,149.42,2.565279300749601,,121.31446125014853,35.447939827228026,1.0236702098023616,2391.269361726323,2309.70397060329,,,2,22:18:35,2,2,2,2
766,2022.0,3.0,23.0,22,25,24,33,40947,19.0,-26.16976,-152.0,1796.9,1816.6,34.6165,2.3001,153.02,2.4950071730283883,,106.98833029589782,34.868555609593685,1.023644351651305,2378.083461290943,2293.405840799292,,,2,22:25:24,2,2,2,2
769,2022.0,3.0,23.0,22,34,52,33,40950,22.0,-26.16978,-152.0,1299.3,1312.0,34.4799,3.251,164.63,2.4034215993033974,,69.43348220296498,34.332779845984014,1.0235407723359902,2328.673571168684,2256.172967888236,,,2,22:34:52,2,2,2,2
771,2022.0,3.0,23.0,22,44,17,33,40952,24.0,-26.16986,-152.00016,800.1,806.9,34.3165,5.6434,217.48,1.8789996863657896,,16.353062273020207,27.332947595793154,1.0234168818406308,2276.5676444780784,2170.942575794332,,,2,22:44:17,2,2,2,2
776,2022.0,3.0,24.0,08,10,27,33,40957,5.0,-26.17,-152.00018,501.3,505.2,34.4808,8.458,224.79,1.3521679982537944,,4.961205993593041,18.997764975466065,1.0235414547506771,2061.2399355949924,2140.2161012252536,,,4,08:10:27,2,2,2,2
777,2022.0,3.0,24.0,08,15,28,33,40958,6.0,-26.16998,-152.00018,401.7,404.7,34.7176,10.8312,209.65,1.0608358931294086,0.0048841431543711,3.203021080636584,14.564514886334695,1.0237210175801639,2285.799860046077,2136.6117254212213,,,4,08:15:28,2,2,2,2
778,2022.0,3.0,24.0,08,17,52,33,40959,7.0,-26.16996,-152.00018,301.9,304.1,35.107,14.3577,199.4,0.6552629768124759,0.0048827345515087,1.5917714637918563,8.10240971477364,1.0240163472443946,2299.242147272228,2111.0704390681544,,,4,08:17:52,2,2,2,2
779,2022.0,3.0,24.0,08,19,42,33,40960,8.0,-26.16994,-152.00014,252.2,254.0,35.332,16.2898,198.32,0.4618297145931035,0.0058583050476926,0.967596717043902,5.240253865161072,1.024187021869604,2315.644972119612,2102.2854950351784,,,4,08:19:42,2,2,2,2
784,2022.0,3.0,24.0,08,21,39,33,40965,13.0,-26.16994,-152.00014,202.7,204.1,35.4578,17.5331,198.13,0.3456077934647845,0.0107392252206571,0.6599742044694755,3.4824378510985485,1.0242824574384797,2319.0449638097443,2095.451942224293,,,4,08:21:39,2,2,2,2
785,2022.0,3.0,24.0,08,25,21,33,40966,14.0,-26.16996,-152.00014,170.8,172.0,35.5612,18.5447,207.15,0.1991485608637142,0.1151937754015602,0.3934160295493964,1.0728640607314806,1.024360904820225,2324.3355659691283,2085.6529224603664,,,4,08:25:21,2,2,2,2
786,2022.0,3.0,24.0,08,26,48,33,40967,15.0,-26.16996,-152.00014,141.1,142.1,35.5853,19.6781,213.32,0.1640017697536589,0.0205002212192073,0.2830982930271493,0.0273336282922764,1.0243791896413474,2326.9097200591887,2086.040420199167,,,4,08:26:48,2,2,2,2
787,2022.0,3.0,24.0,08,28,06,33,40968,16.0,-26.16996,-152.00018,121.8,122.6,35.5852,20.2064,216.79,0.0868818963639718,,0.2489312760990205,,1.0243791137702016,2321.0587210568565,2060.182239625852,,,4,08:28:06,2,2,2,2
795,2022.0,3.0,24.0,08,34,55,33,40976,24.0,-26.17002,-152.00012,6.6,6.7,35.1737,26.7493,205.85,0.0244124666179066,,0.2372891755260525,,1.0240669405222003,2302.8814553171524,1999.7820011481376,,,4,08:34:55,2,2,2,2
796,2022.0,3.0,25.0,02,56,07,34,40977,1.0,-26.16848,-155.99864,4988.2,5080.5,34.7216,1.1516,206.29,2.21153346736312,,119.21865065868673,31.90996633319393,1.0237240509407426,2362.675364685728,2262.800139789245,2367.368244988536,2279.5205386212797,2,02:56:07,2,2,2,2
797,2022.0,3.0,25.0,03,04,51,34,40978,2.0,-26.16846,-155.9988,4487.7,4565.6,34.7198,1.1656,201.92,2.2594009410899107,,119.38584704631504,32.28120315616008,1.0237226859276396,2371.532398527627,2270.8747620574795,,,2,03:04:51,2,2,2,2
798,2022.0,3.0,25.0,03,13,47,34,40979,3.0,-26.1685,-155.99858,3991.4,4055.9,34.7132,1.3199,191.17,2.327790214510143,,119.9569005129142,32.80787332964232,1.0237176808913924,2374.760130868438,2273.007496446357,,,2,03:13:47,2,2,2,2
799,2022.0,3.0,25.0,03,22,43,34,40980,4.0,-26.16854,-155.9988,3491.7,3544.0,34.6973,1.5552,170.52,2.4430851436977687,,127.4692616898303,34.55876298030375,1.0237056233801878,2392.050948181418,2299.09350042176,,,2,03:22:43,2,2,2,2
800,2022.0,3.0,25.0,03,31,36,34,40981,5.0,-26.16854,-155.9988,2994.7,3036.1,34.6796,1.72,155.28,2.530057372210673,,132.01526774234247,35.48527571541503,1.0236922009942213,2401.512005173356,2318.366651210073,,,2,03:31:36,2,2,2,2
801,2022.0,3.0,25.0,03,38,44,34,40982,6.0,-26.16844,-155.9988,2594.7,2628.1,34.6669,1.8594,150.6,2.567202056752948,,129.0360936379796,35.93203700667568,1.0236825703248114,2397.3010827361586,2316.237794800976,,,2,03:38:44,2,2,2,2
802,2022.0,3.0,25.0,03,44,36,34,40983,7.0,-26.16848,-155.99876,2294.6,2322.4,34.656,1.9791,148.33,2.564292165957012,,124.73889343062196,35.93330401240484,1.0236743046868577,2394.8397393062687,2311.550664547127,,,2,03:44:36,2,2,2,2
803,2022.0,3.0,25.0,03,50,16,34,40984,8.0,-26.16856,-155.99872,1996.4,2019.2,34.6394,2.1414,149.4,2.5545548467975783,,117.1295146026296,35.95621424324224,1.0236617167481046,2388.973502279224,2302.0705363854227,,,2,03:50:16,2,2,2,2
804,2022.0,3.0,25.0,03,54,09,34,40985,9.0,-26.16858,-155.9987,1797.4,1817.1,34.6218,2.2792,151.84,2.5311426016447665,,109.1849537468277,35.629422218135055,1.023648370627691,2377.594305993404,2295.7787708878227,,,2,03:54:09,2,2,2,2
805,2022.0,3.0,25.0,03,59,41,34,40986,10.0,-26.16856,-155.99866,1497.5,1512.7,34.556,2.7013,159.11,2.4814417574766026,,87.7687903510622,35.204233752232035,1.0235984755019782,2359.6247168449217,2273.5124321186413,,,2,03:59:41,2,2,2,2
806,2022.0,3.0,25.0,04,02,39,34,40987,11.0,-26.16852,-155.99864,1347.5,1360.8,34.5065,3.0354,163.57,2.451246328346786,,74.25351721536101,34.62715170011763,1.023560941626036,2346.412317557448,2258.7870466607774,,,2,04:02:39,2,2,2,2
807,2022.0,3.0,25.0,04,09,00,34,40988,12.0,-26.16852,-155.99864,999.7,1008.7,34.3538,4.5596,188.49,2.211159018933064,,33.64518323373447,31.77014383588536,1.0234451618463654,,,2296.463296238675,2218.0963715775288,2,04:09:00,2,2,2,2
808,2022.0,3.0,25.0,04,12,59,34,40989,13.0,-26.16856,-155.99878,800.5,807.3,34.3194,5.6577,217.81,2.814096448641257,0.0351762056080157,15.912347453514888,27.45307424341137,1.0234190805331365,2276.2061982067007,2169.144842838,,,2,04:12:59,2,2,2,2
810,2022.0,3.0,25.0,04,17,30,34,40991,15.0,-26.16852,-155.99888,601.1,605.9,34.3718,6.9715,235.48,1.580913648292688,0.0107478678190479,7.401372611753468,22.724900885037908,1.023458809244492,2290.279999314602,2149.649780532963,,,2,04:17:30,2,2,2,2
811,2022.0,3.0,25.0,04,21,52,34,40992,16.0,-26.16851,-155.99878,400.6,403.6,34.705,10.7496,207.97,1.1018729801095637,0.0166062417215093,3.4599593045638963,14.994459436774653,1.0237114625388475,2287.7066108038744,2133.057410749529,,,2,04:21:52,2,2,2,2
812,2022.0,3.0,25.0,04,24,57,34,40993,17.0,-26.16849,-155.99872,252.4,254.2,35.3641,15.9848,199.82,0.5057549774807549,,1.156987738059256,5.806418631424807,1.0242113732231355,2325.553068479445,2109.744649786893,,,2,04:24:57,2,2,2,2
813,2022.0,3.0,25.0,04,27,19,34,40994,18.0,-26.16852,-155.99858,151.5,152.6,35.574,18.6751,207.42,0.197194254500947,0.1483837954660591,0.4178175293386401,0.6892036815726166,1.0243706162292368,2337.768041913414,2084.817301913154,,,2,04:27:19,2,2,2,2
815,2022.0,3.0,25.0,04,28,48,34,40996,20.0,-26.16854,-155.99864,103.0,103.7,35.6099,20.1876,217.9,0.099570688863021,,0.2987120665890632,0.018547481258798,1.024397854074515,2325.225010286169,2062.2557904389505,,,2,04:28:48,2,2,2,2
817,2022.0,3.0,25.0,04,32,08,34,40998,22.0,-26.16852,-155.99886,32.9,33.2,35.0622,25.9876,209.73,0.0449226485722561,,0.2187537669605518,0.0449226485722561,1.023982366623173,2292.509528578649,1986.6324665481504,,,2,04:32:08,2,2,2,2
818,2022.0,3.0,25.0,04,33,20,34,40999,23.0,-26.1685,-155.99886,18.1,18.2,34.891,26.2053,206.51,0.0351613140526741,,0.2285485413423822,,1.023852520018717,2284.847791082237,1980.8138530337376,,,2,04:33:20,2,2,2,2
819,2022.0,3.0,25.0,04,34,22,34,41000,24.0,-26.1685,-155.99888,7.0,7.1,34.8739,26.1873,207.56,0.0293014661959395,,0.2344117295675162,,1.0238395512152654,2280.5697302384715,1974.2624275278029,2285.689894596453,1985.3696778828762,2,04:34:22,2,2,2,2
820,2022.0,3.0,26.0,04,53,00,35,41001,1.0,-26.17,-159.99986,4887.7,4977.0,34.7215,1.1465,205.77,2.19785806986264,,117.00028807816336,31.706788928742863,1.023723975106645,2368.1620858744827,2267.61425724456,2365.0117800142643,2279.227659737999,2,04:53:00,2,2,2,2
821,2022.0,3.0,26.0,05,01,32,35,41002,2.0,-26.17002,-159.99984,4489.4,4567.3,34.7205,1.1398,203.9,2.227164493937006,,117.23383628940782,31.983254324774325,1.0237232167659045,2374.2918539651937,2317.1816617001805,,,2,05:01:32,2,2,2,2
823,2022.0,3.0,26.0,05,21,00,35,41004,4.0,-26.17004,-159.99996,3491.2,3543.5,34.6998,1.5446,172.58,2.399122751291044,,124.04519613006696,34.00678352634166,1.023707519208156,2386.79751376716,2302.894877392605,,,2,05:21:00,2,2,2,2
824,2022.0,3.0,26.0,05,30,56,35,41005,5.0,-26.16996,-159.99982,2994.0,3035.4,34.6789,1.7369,153.89,2.519313261166236,,130.6555517620183,35.351464757016245,1.0236916701681371,2404.81765895519,2315.8657284268206,,,2,05:30:56,2,2,2,2
825,2022.0,3.0,26.0,05,38,46,35,41006,6.0,-26.17004,-159.99988,2594.7,2628.1,34.667,1.8691,148.83,2.5378959092001656,,127.8003495430832,35.73080010423959,1.0236826461565858,2405.750207827962,2319.013417504849,,,2,05:38:46,2,2,2,2
827,2022.0,3.0,26.0,05,51,13,35,41008,8.0,-26.17008,-159.99986,1996.1,2018.9,34.6396,2.1544,148.27,2.5223172608863496,,115.64853947716132,35.776462062525475,1.0236618684093204,,,2389.165486216547,2321.6650667012,2,05:51:13,2,2,2,2
828,2022.0,3.0,26.0,05,55,30,35,41009,9.0,-26.17004,-159.99992,1797.1,1816.8,34.6163,2.3359,151.82,2.4842616213912456,,105.46340222592792,35.39120331095637,1.0236441999920523,,,2378.981949798206,2312.0338102031697,2,05:55:30,2,2,2,2
829,2022.0,3.0,26.0,06,01,22,35,41010,10.0,-26.17002,-159.99992,1497.8,1513.0,34.5572,2.702,158.88,2.4374770398666588,,86.56413950760121,35.09771548466917,1.0235993854270267,,,2357.786544991976,2285.9529160657294,2,06:01:22,2,2,2,2
830,2022.0,3.0,26.0,06,04,59,35,41011,11.0,-26.17003,-159.99986,1348.5,1361.8,34.5007,3.0704,163.81,2.411200451000754,,72.41905730568513,34.54425670441032,1.0235565437853462,,,2331.400069757506,2273.250084841392,2,06:04:59,2,2,2,2
831,2022.0,3.0,26.0,06,11,28,35,41012,12.0,-26.17008,-159.99992,999.6,1008.6,34.3561,4.4477,188.83,2.18770508522649,,34.53818640133362,31.6928995732052,1.023446905672937,2028.2481269932755,2213.875393734884,,,2,06:11:28,2,2,2,2
832,2022.0,3.0,26.0,06,15,53,35,41013,13.0,-26.17008,-159.99992,799.5,806.3,34.3196,5.7275,221.54,1.8428420540877768,,14.920571668038365,26.820875685395222,1.0234192321672335,2276.075323944724,2168.5823923023404,,,2,06:15:53,2,2,2,2
833,2022.0,3.0,26.0,06,20,02,35,41014,14.0,-26.17002,-159.99994,600.8,605.6,34.3964,7.3346,234.05,1.5105364397816103,,6.681143709719697,21.913526048785226,1.0234774609101895,2282.2582143578097,2151.9560844599746,,,2,06:20:02,2,2,2,2
834,2022.0,3.0,26.0,06,24,40,35,41015,15.0,-26.17004,-159.99994,401.1,404.1,34.807,11.8385,200.28,0.9982527501875408,,3.299508600913418,13.34161870333818,1.0237888148146828,2308.772100421921,2131.0095131066346,,,2,06:24:40,2,2,2,2
835,2022.0,3.0,26.0,06,27,11,35,41016,16.0,-26.17002,-159.99994,301.7,303.9,35.2381,15.2217,195.68,0.5917299638539936,,1.46858393669374,7.2042634873180935,1.024115791015659,2309.1329604000066,2113.265536567197,,,2,06:27:11,2,2,2,2
836,2022.0,3.0,26.0,06,29,44,35,41017,17.0,-26.16997,-159.99992,201.4,202.9,35.5865,18.5066,191.61,0.3338604488393897,0.0117144017136627,0.6257442915381544,3.398152697105016,1.0243801000954325,2326.519140199722,2100.2601627786025,,,2,06:29:44,2,2,2,2
837,2022.0,3.0,26.0,06,32,22,35,41018,18.0,-26.16994,-159.99992,123.2,124.1,35.6177,19.9906,207.82,0.1356886842697964,0.1064033567295525,0.3123768270959342,0.4314704924262591,1.0244037721201538,2330.288813328079,2070.8908248266625,,,2,06:32:22,2,2,2,2
838,2022.0,3.0,26.0,06,33,38,35,41019,19.0,-26.16998,-159.99988,102.6,103.3,35.6022,20.6135,215.92,0.0927379351790223,0.0126904542876556,0.2811423719111414,0.0800474808913666,1.0243920119270604,2339.154971895619,2058.2854587438605,,,2,06:33:38,2,2,2,2
839,2022.0,3.0,26.0,06,35,40,35,41020,20.0,-26.17,-159.99988,63.8,64.2,35.5324,22.4273,229.92,0.0478357237177522,,0.2294162259933016,0.0195247851909192,1.024339054408738,2324.1290018873137,2012.1392229165365,,,2,06:35:40,2,2,2,2
840,2022.0,3.0,26.0,06,37,15,35,41021,21.0,-26.16998,-159.9999,32.7,33.0,35.2339,26.5265,206.44,0.0341759293139081,,0.2031026656369396,0.0361288395604171,1.0241126050596236,2301.717083764061,2001.9663625096232,,,2,06:37:15,2,2,2,2
841,2022.0,3.0,26.0,06,38,08,35,41022,22.0,-26.17,-159.9999,18.3,18.4,35.0445,26.5443,205.87,0.0292977636183164,,0.1894588713984463,,1.0239689414807256,2318.754860335101,1983.2222942503056,2292.8152147729284,1992.8338813178843,2,06:38:08,2,2,2,2
842,2022.0,3.0,26.0,06,39,09,35,41023,23.0,-26.17002,-159.9999,8.5,8.6,34.9315,26.8698,205.79,0.0263701944205484,,0.1855680348112669,,1.0238832361038936,2310.7893804063574,1974.882064891218,,,2,06:39:09,2,2,2,2
849,2022.0,3.0,27.0,02,58,56,36,41030,6.0,-26.16998,-163.99968,599.4,604.2,34.4173,7.4408,236.0,1.4411427893767217,,6.078202910313617,21.57610591037704,1.0234933074452126,,,2095.054473109107,2155.3633853322353,2,02:58:56,2,2,2,2
850,2022.0,3.0,27.0,03,03,33,36,41031,7.0,-26.17002,-163.99968,401.0,404.0,34.8235,11.5772,203.85,0.963077476985164,,2.937093279203233,13.815180359511317,1.0238013280993687,,,2286.5445452800086,2146.705556711961,2,03:03:33,2,2,2,2
851,2022.0,3.0,27.0,03,06,19,36,41032,8.0,-26.17002,-163.9997,300.9,303.1,35.2026,14.9325,199.2,0.6044397344440495,,1.417845709875218,7.765927638180171,1.024088862340168,,,2313.281700719403,2126.866212588989,2,03:06:19,2,2,2,2
852,2022.0,3.0,27.0,03,07,48,36,41033,9.0,-26.17004,-163.9997,250.6,252.4,35.3831,16.4239,198.48,0.4364272074292494,,0.8923813592624922,5.306447141785169,1.0242257870058766,2316.4141496491884,2107.332534689244,,,2,03:07:48,2,2,2,2
857,2022.0,3.0,27.0,03,09,25,36,41038,14.0,-26.17004,-163.9997,200.9,202.4,35.5121,17.5884,199.1,0.3133775140529934,,0.5574409985179415,3.385648656497761,1.0243236531186395,2323.0308469626466,2094.3976033751487,,,2,03:09:25,2,2,2,2
858,2022.0,3.0,27.0,03,11,16,36,41039,15.0,-26.17008,-163.99972,140.9,141.8,35.6031,19.2095,205.58,0.1542377262216185,0.1835233704409132,0.283094560786515,0.5417844180569512,1.0243926947741409,2326.1465655843376,2074.698720241516,,,2,03:11:16,2,2,2,2
859,2022.0,3.0,27.0,03,12,16,36,41040,16.0,-26.1701,-163.99974,121.1,121.9,35.6144,19.8474,209.45,0.109332156707263,0.0263568592062151,0.2225690332969283,0.0907847372658523,1.0244012683284034,2338.725492529065,2069.590173476699,,,2,03:12:16,2,2,2,2
865,2022.0,3.0,27.0,03,14,52,36,41046,22.0,-26.17008,-163.99974,71.5,72.0,35.5458,21.7387,232.13,0.0361204941107799,,0.1405770581608732,,1.0243492208750709,2325.466881062652,2033.7051520703967,,,2,03:14:52,2,2,2,2
871,2022.0,3.0,27.0,14,23,14,36,41052,4.0,-26.1699,-163.99976,4590.0,4670.7,34.7208,1.0705,202.57,2.238885914778166,,120.11544786679634,32.314391338035136,1.023723444268082,2340.51111850213,2291.0506345841127,,,4,14:23:14,2,2,2,2
880,2022.0,3.0,27.0,14,57,52,36,41061,13.0,-26.17,-163.99962,2795.2,2832.4,34.6724,1.8215,147.07,2.5330014504901803,,131.4552534481346,36.41543697314807,1.0236867410787345,2435.1555410770848,2326.700488779194,,,4,14:57:52,2,2,2,2
881,2022.0,3.0,27.0,15,07,06,36,41062,14.0,-26.16992,-163.99978,2296.2,2324.1,34.6537,2.0213,145.76,2.541828412941505,,124.70393846366672,36.43743266822373,1.0236725605678716,2400.61329561307,2311.800669180064,,,4,15:07:06,2,2,2,2
885,2022.0,3.0,27.0,15,10,29,36,41066,18.0,-26.16998,-163.99984,2147.4,2172.7,34.6468,2.0959,145.64,2.53598012598768,,121.32457154359244,36.43566515373209,1.0236673282244055,2394.81577192697,2326.9780016271507,,,4,15:10:29,2,2,2,2
886,2022.0,3.0,27.0,15,16,54,36,41067,19.0,-26.17002,-163.99972,1796.9,1816.5,34.6181,2.3483,149.12,2.498911818354896,,107.792192708795,36.23324446551334,1.0236455649259377,2377.174389690923,2295.580974690524,,,4,15:16:54,2,2,2,2
887,2022.0,3.0,27.0,15,22,45,36,41068,20.0,-26.16986,-163.99972,1498.9,1514.2,34.5584,2.7082,157.54,2.453105974471044,,88.25417539458013,35.68678141834041,1.0236002953526864,,,2298.34726069108,,4,15:22:45,2,2,2,2
889,2022.0,3.0,27.0,15,22,50,36,41070,22.0,-26.16986,-163.99972,1498.5,1513.8,34.5583,2.7083,157.45,2.451152268375842,,88.1877497465201,35.49139528012195,1.0236002195255247,2379.852673454526,2270.325067426762,,,4,15:22:50,2,2,2,2
892,2022.0,3.0,28.0,10,17,12,37,41073,1.0,-26.1701,-168.00048,5286.5,5388.1,34.7212,1.1128,208.12,2.2017658623965675,,120.01968332523472,32.002774260796954,1.0237237476043783,2377.855710701902,2273.467551163785,1941.4942021452443,2274.832449134484,2,10:17:12,2,2,2,2
893,2022.0,3.0,28.0,10,26,54,37,41074,2.0,-26.17004,-168.00044,4788.2,4874.6,34.7201,1.0614,207.8,2.23107246114872,,120.47400559474336,32.31147761378168,1.0237229134297277,2315.3589939129088,2266.330083905464,,,2,10:26:54,2,2,2,2
895,2022.0,3.0,28.0,10,50,39,37,41076,4.0,-26.16996,-168.0005,3490.9,3543.3,34.7071,1.5501,176.98,2.3698046909275163,,121.68155850567514,33.673498477186044,1.023713055041042,2389.896700860472,2285.975523518541,,,2,10:50:39,2,2,2,2
896,2022.0,3.0,28.0,10,59,52,37,41077,5.0,-26.17009,-168.00038,2994.0,3035.4,34.6787,1.7442,152.94,2.536897056445542,,132.5057378596672,35.73635156563238,1.02369151850358,2419.8105987984254,2329.586334146321,,,2,10:59:52,2,2,2,2
898,2022.0,3.0,28.0,11,13,33,37,41079,7.0,-26.17016,-168.00044,2295.7,2323.5,34.6536,2.0254,147.51,2.5095917281208058,,120.98791541892489,36.0369166408628,1.0236724847366625,2392.3271722197514,2317.897545250328,,,2,11:13:33,2,2,2,2
899,2022.0,3.0,28.0,11,19,38,37,41080,8.0,-26.17012,-168.00048,1996.4,2019.2,34.6375,2.1951,147.45,2.542835803157499,,116.56406212230468,35.953334191090505,1.0236602759674038,,,2400.630641345707,2325.673913398792,2,11:19:38,2,2,2,2
900,2022.0,3.0,28.0,11,23,43,37,41081,9.0,-26.17022,-168.00044,1796.6,1816.2,34.6241,2.3188,148.68,2.5135541558700605,,110.12063436473088,36.39427130856553,1.0236501147154964,,,2383.956950930057,2316.514174043791,2,11:23:43,2,2,2,2
902,2022.0,3.0,28.0,11,33,33,37,41083,11.0,-26.1702,-168.0005,1348.2,1361.4,34.5158,2.959,163.73,2.427782048780548,,76.0174219048554,35.0733905638719,1.0235679933658757,,,2342.378478053451,2265.506556505921,2,11:33:33,2,2,2,2
903,2022.0,3.0,28.0,11,40,12,37,41084,12.0,-26.17002,-168.00038,998.3,1007.2,34.3695,4.4728,182.44,2.242399879370701,,37.44661236465452,32.19578144886447,1.0234570654026527,2301.0443916510903,2214.1814930632827,,,2,11:40:12,2,2,2,2
904,2022.0,3.0,28.0,11,44,29,37,41085,13.0,-26.17012,-168.0004,799.9,806.8,34.3215,5.6545,218.88,1.9014663783185648,,16.718442822729006,27.92204687915278,1.0234206726919965,2296.005282604696,2171.704599536657,,,2,11:44:29,2,2,2,2
906,2022.0,3.0,28.0,11,49,33,37,41087,15.0,-26.17018,-168.00044,599.1,603.9,34.3921,7.0905,233.51,1.557440333133301,,7.184353054911647,22.810540788789243,1.0234742006412194,2276.3289627033528,2156.678379334567,,,2,11:49:33,2,2,2,2
907,2022.0,3.0,28.0,11,54,06,37,41088,16.0,-26.17002,-168.00052,400.5,403.5,34.7403,10.913,205.45,1.116496350611201,,3.583923981095797,15.15328774018509,1.0237382319917931,2282.671044450939,2149.725973542238,,,2,11:54:06,2,2,2,2
908,2022.0,3.0,28.0,11,56,32,37,41089,17.0,-26.16999,-168.00058,301.5,303.7,35.2403,14.7655,196.85,0.6522689302611983,,1.6619187414738912,8.291041147975799,1.0241174598527978,2310.190505874297,2124.264819517469,,,2,11:56:32,2,2,2,2
909,2022.0,3.0,28.0,11,58,38,37,41090,18.0,-26.17002,-168.00058,232.3,234.0,35.4303,16.4476,196.77,0.4783934129790569,0.0068341916139865,0.9636210175721004,5.447827029434975,1.0242615945496958,2339.727221695417,2112.166409592551,,,2,11:58:38,2,2,2,2
910,2022.0,3.0,28.0,12,00,58,37,41091,19.0,-26.16999,-168.00053,162.1,163.2,35.5895,18.2811,197.41,0.3094547576712537,0.0087857817635371,0.4675988294149227,2.8563552711233067,1.0243823762333684,2292.872541526041,2089.7456951528925,,,2,12:00:58,2,2,2,2
912,2022.0,3.0,28.0,12,02,30,37,41093,21.0,-26.17,-168.0005,121.3,122.1,35.6299,19.2988,206.48,0.1679010274151936,0.1064023952805587,0.2479468660666232,0.3748488053920603,1.0244130286032747,2338.7795733324065,2074.2396421406265,,2088.3178369146735,2,12:02:30,2,2,2,2
913,2022.0,3.0,28.0,12,05,02,37,41094,22.0,-26.17,-168.0005,61.3,61.7,35.5663,22.1604,235.8,0.0585728848854491,,0.1347176352365329,,1.024364774201269,2306.4089475682185,2047.93297369428,,,2,12:05:02,2,2,2,2
914,2022.0,3.0,28.0,12,06,35,37,41095,23.0,-26.17004,-168.00052,32.4,32.7,35.1086,26.1555,208.94,0.0419914673769293,,0.088865663518618,,1.0240175608539155,2307.9404379667035,1991.6169341189288,,,2,12:06:35,2,2,2,2
915,2022.0,3.0,28.0,12,07,59,37,41096,24.0,-26.17008,-168.00048,7.4,7.4,34.908,26.2662,207.29,0.0283240351991722,,0.0888788690732647,,1.0238654131049616,2283.326507251662,1978.3587834778664,,,2,12:07:59,2,2,2,2
916,2022.0,3.0,29.0,11,27,27,38,41097,1.0,-26.17004,-172.00008,5158.9,5256.4,34.7204,1.0928,208.21,2.2193500460797333,,119.5713910389648,32.32612283226965,1.0237231409318541,2361.276415243509,2268.319259668127,,,2,11:27:27,2,2,2,2
918,2022.0,3.0,29.0,11,33,19,38,41099,3.0,-26.17,-172.00008,4889.6,4979.0,34.7199,1.0598,207.69,2.2388874074225247,,119.83127129936771,32.17961076034914,1.0237227617616644,2328.79018041154,2282.2191980713624,2366.537106221904,2280.3048708059086,2,11:33:19,2,2,2,2
925,2022.0,3.0,29.0,12,01,50,38,41106,10.0,-26.17,-171.99994,3393.1,3443.1,34.709,1.5928,177.04,2.3551488327145664,,117.69297053537196,33.641215532914536,1.0237144958779778,2367.714261259897,2298.423418269545,,,2,12:01:50,2,2,2,2
928,2022.0,3.0,29.0,12,09,31,38,41109,13.0,-26.17008,-172.00002,2994.2,3035.5,34.677,1.7733,151.62,2.534946535177636,,131.24380417754176,36.92425590873967,1.0236902293555301,2402.4509968548487,2304.821351601146,,,2,12:09:31,2,2,2,2
929,2022.0,3.0,29.0,12,17,36,38,41110,14.0,-26.1701,-172.0,2596.8,2630.2,34.6624,1.9446,148.09,2.551580717302067,,126.1782063288816,36.87288122330927,1.0236791578993503,2404.095125648244,2324.783525848888,,,2,12:17:36,2,2,2,2
930,2022.0,3.0,29.0,12,23,36,38,41111,15.0,-26.1701,-171.99994,2297.1,2325.0,34.6508,2.0642,147.44,2.551602643123421,,121.09073845086137,36.79700166966808,1.023670361464529,2378.586531989537,2325.156968440765,,,2,12:23:36,2,2,2,2
935,2022.0,3.0,29.0,12,23,46,38,41116,20.0,-26.1701,-171.99994,2297.0,2324.8,34.6507,2.0661,147.4,2.549649078057337,,121.20015764961526,36.41699922639828,1.0236702856334432,,,2405.0751779228067,2321.9390397066995,2,12:23:46,2,2,2,2
936,2022.0,3.0,29.0,12,33,10,38,41117,21.0,-26.17008,-172.00002,1798.4,1818.0,34.6185,2.3954,148.13,2.532125689565352,,108.4642682047652,36.28696324803433,1.0236458682447656,,,2378.771208565657,,2,12:33:10,2,2,2,2
937,2022.0,3.0,29.0,12,42,47,38,41118,22.0,-26.17008,-172.00009,1299.9,1312.5,34.501,3.0683,165.64,2.417061827411561,,72.6564486584248,34.77970250364759,1.0235567712595148,,,2306.039075274217,2263.4797258476574,2,12:42:47,2,2,2,2
938,2022.0,3.0,29.0,12,51,54,38,41119,23.0,-26.17004,-172.0,800.1,806.9,34.3267,5.823,219.02,1.8604203687724328,,15.244894219321166,27.549659820135897,1.0234246151886213,,,2277.863418246589,2168.503636773456,2,12:51:54,2,2,2,2
944,2022.0,3.0,29.0,17,29,32,38,41125,5.0,-26.17,-171.9999,599.8,604.6,34.4106,7.4701,225.66,1.547648480499987,,7.182300492522352,22.585506486892488,1.0234882274353858,2275.9215140930883,2151.803150450699,,,4,17:29:32,2,2,2,2
947,2022.0,3.0,29.0,17,33,24,38,41128,8.0,-26.16998,-171.99992,400.9,403.9,34.9455,12.315,200.02,0.9366205257426063,,2.8733447202656395,12.78355168033887,1.0238938541728517,2309.499660611053,2139.0898461309584,,,4,17:33:24,2,2,2,2
948,2022.0,3.0,29.0,17,35,47,38,41129,9.0,-26.17002,-171.99998,300.8,303.0,35.3053,15.22,196.29,0.6112285810873163,,1.5720096095057177,7.521236038523319,1.0241667673432528,2310.0770121278024,2115.5221089829947,,,4,17:35:47,2,2,2,2
955,2022.0,3.0,29.0,17,38,02,38,41136,16.0,-26.1701,-171.99998,231.1,232.7,35.5254,16.9983,200.27,0.3836640181540952,,0.7800192124812267,4.425315507105633,1.0243337435989504,2304.783638770615,,,,4,17:38:02,2,2,2,2
956,2022.0,3.0,29.0,17,39,11,38,41137,17.0,-26.17012,-171.99998,201.2,202.6,35.5633,17.5221,199.13,0.3426521379426683,,0.6335647792729111,3.8589854737531857,1.0243624980934114,2322.668631732632,2097.573081123174,,,4,17:39:11,2,2,2,2
957,2022.0,3.0,29.0,17,40,43,38,41138,18.0,-26.1701,-171.99998,151.2,152.3,35.6526,18.9311,201.95,0.2450142403874968,0.0058569141128485,0.4002224643779828,2.1768197452753704,1.024430251903059,2326.731809372886,2087.720628737552,,,4,17:40:43,2,2,2,2
958,2022.0,3.0,29.0,17,42,20,38,41139,19.0,-26.17008,-171.99998,111.6,112.4,35.6449,19.8702,208.82,0.1444713720320802,0.0878542127222109,0.3016327970129241,0.8316865471035968,1.0244244096133888,2326.6931750371145,2059.484314923961,,,4,17:42:20,2,2,2,2
959,2022.0,3.0,29.0,17,44,09,38,41140,20.0,-26.17006,-172.0,61.4,61.8,35.5836,21.4102,224.45,0.047833909739769,,0.1942642456778375,,1.0243778998324589,2313.026450208888,2048.256942566976,,,4,17:44:09,2,2,2,2
961,2022.0,3.0,29.0,17,46,58,38,41142,22.0,-26.1701,-172.00004,7.8,7.9,35.0733,25.8909,206.31,0.0205079970349477,,0.8252027378348019,,1.0239907858487514,,,2293.277792833427,1986.2483413990576,4,17:46:58,2,2,2,2
965,2022.0,3.0,30.0,12,56,10,39,41146,2.0,-26.16668,-175.3966,5984.4,6109.1,34.7227,1.1845,211.13,2.2769789363239448,,120.47181991284089,32.142424667412875,1.0237248851160956,2315.2031262660057,2273.3407823179023,2365.10818609717,2273.3646840440656,1,12:56:10,2,2,2,2
968,2022.0,3.0,30.0,13,14,40,39,41149,5.0,-26.16674,-175.39664,4986.4,5078.7,34.7205,1.0732,206.66,2.2369327592612915,,119.37504004849112,31.86896562048019,1.0237232167659045,2289.432210467349,2317.9316968637345,,,1,13:14:40,2,2,2,2
969,2022.0,3.0,30.0,13,33,21,39,41150,6.0,-26.16666,-175.39662,3991.0,4055.5,34.7239,1.1228,201.22,2.220321116085472,,115.1929555369535,31.88353771624716,1.023725795126159,2363.2713079728424,2269.142882544676,,,1,13:33:21,2,2,2,2
971,2022.0,3.0,30.0,13,51,23,39,41152,8.0,-26.16666,-175.39656,3393.5,3443.6,34.7299,1.5102,191.24,2.226172166056743,,106.04061949566558,32.03577988503596,1.0237303451856699,2308.789029237765,2270.594599332933,,,1,13:51:23,2,2,2,2
972,2022.0,3.0,30.0,14,02,58,39,41153,9.0,-26.16668,-175.39662,2993.8,3035.2,34.694,1.7712,163.58,2.4167162818121346,,118.1182293307032,34.26970113117757,1.0237031208913412,2397.017454084138,2308.933352555868,,,1,14:02:58,2,2,2,2
974,2022.0,3.0,30.0,14,15,12,39,41155,11.0,-26.16672,-175.39656,2494.8,2526.2,34.6598,2.0116,149.02,2.529117611196494,,120.72458159308472,35.53952406834286,1.023677186279675,2343.56037768388,2321.8336256193884,,,1,14:15:12,2,2,2,2
976,2022.0,3.0,30.0,14,19,27,39,41157,13.0,-26.16669,-175.39662,2295.1,2322.9,34.6479,2.1342,147.91,2.877885733199406,,117.39839570899696,35.409912442977614,1.0236681623647614,,,2392.551503549633,2319.6970339631057,1,14:19:27,2,2,2,2
977,2022.0,3.0,30.0,14,25,25,39,41158,14.0,-26.16674,-175.39662,1996.4,2019.2,34.6285,2.3203,146.87,2.534060718365134,,111.25737901075048,36.43127462220159,1.0236534512375601,,,2394.9313832273783,2312.305983180521,1,14:25:25,2,2,2,2
978,2022.0,3.0,30.0,14,31,04,39,41159,15.0,-26.16678,-175.39658,1747.2,1766.1,34.6057,2.517,149.11,2.5165191456071283,,102.7669829352824,35.39831958116238,1.023636162075978,,,1626.5545292690747,2298.8636853426606,1,14:31:04,2,2,2,2
979,2022.0,3.0,30.0,14,35,57,39,41160,16.0,-26.1667,-175.39656,1498.4,1513.7,34.5565,2.7868,157.07,2.4716713862447355,0.0127002877554077,86.32776365435417,35.059632821409025,1.023598854637341,,,2357.417494860275,2280.9716808712287,1,14:35:57,2,2,2,2
981,2022.0,3.0,30.0,14,41,26,39,41162,18.0,-26.1667,-175.39664,1248.7,1260.7,34.4667,3.3619,168.54,2.381950876944257,,62.66152643301756,34.230529501484405,1.0235307636266822,2314.972192733777,2248.1487354066458,,,1,14:41:26,2,2,2,2
982,2022.0,3.0,30.0,14,46,18,39,41163,19.0,-26.16666,-175.39666,998.4,1007.4,34.3562,4.7308,189.53,2.163277668544586,,31.56587550135564,31.13497872997888,1.0234469814915341,2291.845600524084,2202.1072348541948,,,1,14:46:18,2,2,2,2
983,2022.0,3.0,30.0,14,51,08,39,41164,20.0,-26.16666,-175.3966,800.5,807.3,34.3271,5.7456,220.18,1.85064870499106,,15.340646604202556,26.96729335219021,1.0234249184580655,2287.748209065543,2173.888764713065,,,1,14:51:08,2,2,2,2
984,2022.0,3.0,30.0,15,00,56,39,41165,21.0,-26.1667,-175.39658,302.1,304.3,35.2612,14.7391,196.8,0.6756932819209743,0.0078114830279881,1.9850931244874868,8.711756446963777,1.024133313909332,2304.1130925277607,2122.0533210190747,,,1,15:00:56,2,2,2,2
985,2022.0,3.0,30.0,15,03,35,39,41166,22.0,-26.16674,-175.39664,202.5,204.0,35.5771,17.2622,200.89,0.4090307075628481,,0.8561334857580376,4.709222275138853,1.0243729682217566,2348.2605898656007,2109.21539086078,,,1,15:03:35,2,2,2,2
986,2022.0,3.0,30.0,15,05,30,39,41167,23.0,-26.16676,-175.3967,133.1,134.0,35.6767,18.8942,203.28,0.2459860019630353,0.0439260717791134,0.494900408711345,2.244134200448485,1.0244485376768242,2342.628867049034,2085.402514871701,,,1,15:05:30,2,2,2,2
987,2022.0,3.0,30.0,15,12,24,39,41168,24.0,-26.16676,-175.3966,8.8,8.9,35.136,25.9984,207.93,0.0585915560158815,,0.1845634014500268,0.0839812302894302,1.0240383440872725,2300.3988997805327,1986.84494475236,,1989.0856741458185,1,15:12:24,2,2,2,2
988,2022.0,2.0,24.0,14,50,22,04,40058,1.0,-32.87215,-71.89238,1686.6,1705.5,34.5965,2.6981,118.52,2.7128964653368715,0.004884581320376,105.60367123026664,38.19644900907682,1.0236291858101443,2375.7544311811826,2311.9995455316093,,,1,14:50:22,2,2,2,2
989,2022.0,2.0,24.0,15,00,18,04,40059,2.0,-32.87232,-71.89244,1197.7,1209.7,34.5061,3.6814,102.46,2.8058914073683456,0.0019539633756046,77.14735897731248,39.60683762350722,1.0235606383262201,2332.106952075768,2295.418728589096,,,1,15:00:18,2,2,2,2
993,2022.0,2.0,24.0,15,28,05,04,40063,6.0,-32.87218,-71.89249,299.8,302.1,34.5335,9.0844,28.03,2.753078514345884,0.0048848092873418,23.912118423395967,33.60358004948226,1.0235814145204434,2268.274048902507,2279.2895443523284,,,1,15:28:05,2,2,2,2
996,2022.0,2.0,24.0,15,33,37,04,40066,9.0,-32.87216,-71.89246,102.1,102.8,34.3884,11.0055,85.51,2.375249578214143,0.0312661400669899,13.99062061310091,25.78674902024996,1.023471395299762,2267.4005311889646,2241.561411561159,,,1,15:33:37,2,2,2,2
1000,2022.0,2.0,24.0,15,42,10,04,40070,13.0,-32.87218,-71.89248,6.5,6.5,34.3744,18.4009,267.57,0.4201431145904058,0.1485157056226551,,1.247727342632438,1.0234607805466562,2292.514377626716,2036.554199992947,,,1,15:42:10,2,2,2,2
1002,2022.0,3.0,31.0,06,00,44,40,41169,1.0,-25.87494,-177.18326,500.7,504.6,34.6428,9.52,211.7,1.2523636960603066,,5.197016273822802,17.835925399897878,1.0236642949910824,2252.902091269216,2175.0546243762947,2284.2825226391087,2151.1935219145093,1,06:00:44,2,2,2,2
1004,2022.0,3.0,31.0,09,35,43,40,41171,3.0,-25.875,-177.18332,452.1,455.5,34.8174,11.094,202.97,0.9777331750349276,,2.925385473755853,12.18894334791295,1.0237967019624152,2295.334604055805,2138.3822824226577,,,1,09:35:43,2,2,2,2
1005,2022.0,3.0,31.0,09,39,21,40,41172,4.0,-25.87504,-177.18335,401.8,404.8,35.0092,12.7432,197.29,0.904347949954074,,2.9161803224221,12.327844678477616,1.0239421674445393,2309.515838871647,2137.209235637304,,,1,09:39:21,2,2,2,2
1006,2022.0,3.0,31.0,09,43,08,40,41173,5.0,-25.87504,-177.1833,352.6,355.2,35.1184,13.6585,195.92,0.787090163361882,,2.429628196581094,10.498767179036715,1.0240249942361734,2312.5659335411765,2133.233688952752,,,1,09:43:08,2,2,2,2
1007,2022.0,3.0,31.0,09,47,51,40,41174,6.0,-25.87502,-177.1833,305.0,307.2,35.3468,15.4239,195.37,0.6024224318523924,,1.6393310584767695,7.76802733844025,1.0241982492298352,2299.230621745519,2130.179582115128,,,1,09:47:51,2,2,2,2
1008,2022.0,3.0,31.0,09,52,40,40,41175,7.0,-25.87504,-177.18338,251.9,253.7,35.4823,16.4282,197.97,0.486185191942213,,1.2242494592279822,5.96211439194999,1.024301044650474,2321.997982706457,2112.361026179032,,,1,09:52:40,2,2,2,2
1009,2022.0,3.0,31.0,09,54,16,40,41176,8.0,-25.87506,-177.1834,230.4,232.0,35.5335,17.0148,196.11,0.4764043705184329,,1.106078179912673,5.7158762077570175,1.0243398889664856,,,2319.7382242540893,2113.0681557113685,1,09:54:16,2,2,2,2
1011,2022.0,3.0,31.0,09,56,39,40,41178,10.0,-25.87502,-177.18332,203.1,204.6,35.5931,17.6418,195.81,0.4100020557526005,,0.8649090985638194,4.8770720727142685,1.024385107604027,,,2332.732389817744,2107.703425179619,1,09:56:39,2,2,2,2
1012,2022.0,3.0,31.0,09,58,27,40,41179,11.0,-25.875,-177.18332,181.9,183.2,35.655,18.2327,197.12,0.3523903727306329,,0.6813531306536891,4.157425477727883,1.024432072881708,,,2336.328376931016,2101.4570482396307,1,09:58:27,2,2,2,2
1013,2022.0,3.0,31.0,10,00,43,40,41180,12.0,-25.875,-177.1833,153.0,154.1,35.6836,18.7423,195.85,0.3309080496471778,,0.5954392633769275,3.805930635912526,1.0244537730691352,,,2328.5455624203782,2096.7271110387546,1,10:00:43,2,2,2,2
1015,2022.0,3.0,31.0,10,01,57,40,41182,14.0,-25.875,-177.1833,132.8,133.7,35.692,19.4037,191.38,0.2928371601280595,0.0009761238670935,0.4841574380783917,3.2114475227377195,1.024460146618032,2325.882818571551,2097.2054936350864,,,1,10:01:57,2,2,2,2
1018,2022.0,3.0,31.0,10,03,06,40,41185,17.0,-25.87502,-177.1833,113.4,114.2,35.6975,19.671,194.21,0.2830747683423398,0.0048805994541782,0.4499912696752367,2.986926865957103,1.0244643197916004,2312.634339604301,2116.631136284223,,,1,10:03:06,2,2,2,2
1019,2022.0,3.0,31.0,10,03,58,40,41186,18.0,-25.87502,-177.1833,103.0,103.7,35.7038,20.0818,199.02,0.2245065273346166,0.0497818821481106,0.3543298670541992,2.0498422060986727,1.0244690999883297,2325.33070752492,2180.049554315525,,,1,10:03:58,2,2,2,2
1020,2022.0,3.0,31.0,10,05,06,40,41187,19.0,-25.87502,-177.1833,84.0,84.6,35.6848,20.8397,195.12,0.2137722668570605,0.1054219398199202,0.3211464648217941,1.7706981373456971,1.0244546835742498,2318.900347500758,2092.3335521038725,,,1,10:05:06,2,2,2,2
1021,2022.0,3.0,31.0,10,06,10,40,41188,20.0,-25.875,-177.18332,63.2,63.7,35.6504,21.5036,214.57,0.270394642129901,0.0185469249114372,0.1893738648852014,0.0253800025103878,1.0244285826748212,2366.5289580613608,2098.7538827452604,,,1,10:06:10,2,2,2,2
1022,2022.0,3.0,31.0,10,07,07,40,41189,21.0,-25.875,-177.18334,53.1,53.4,35.6483,21.8207,226.41,0.0654024158854961,,0.144471008224678,,1.0244269893225477,2328.7559950524874,2044.6639325716087,,,1,10:07:07,2,2,2,2
1024,2022.0,3.0,31.0,10,10,26,40,41191,23.0,-25.87502,-177.18336,22.6,22.8,35.1034,26.0862,206.82,0.0224606388299406,,0.0908191048341077,0.0175778912582144,1.0240136166269849,2303.6610405397014,1991.569843843673,,,1,10:10:26,2,2,2,2
1025,2022.0,3.0,31.0,10,11,33,40,41192,24.0,-25.87504,-177.18338,7.7,7.7,35.0327,26.2131,206.2,0.0234384157585819,,0.0849642571248594,,1.0239599914602786,2288.946865955624,1995.606242049291,2318.053924192903,1982.4016728477266,1,10:11:33,2,2,2,2
1026,2022.0,3.0,31.0,20,16,15,41,41193,1.0,-25.7182,-178.7148,2295.0,2322.7,34.6398,2.3097,153.84,2.4304897038463165,,109.990404833267,34.95880407630397,1.0236620200705528,2387.620064733946,2298.1356058582223,,,2,20:16:15,2,2,2,2
1027,2022.0,3.0,31.0,20,18,57,41,41194,2.0,-25.71818,-178.71484,2195.4,2221.5,34.6345,2.3388,153.97,2.456875242914488,,109.21616387985677,35.02927732024958,1.0236580010536316,2378.087631872858,2301.555958096309,2394.124311155057,2302.2337514817386,2,20:18:57,2,2,2,2
1031,2022.0,3.0,31.0,20,23,11,41,41198,6.0,-25.71814,-178.71484,1996.1,2018.9,34.6255,2.3838,153.68,2.478383319093745,,107.22304876642112,35.25517367078209,1.0236511763352607,2357.9465641652096,2317.3730307406777,,,2,20:23:11,2,2,2,2
1032,2022.0,3.0,31.0,20,27,12,41,41199,7.0,-25.7182,-178.71488,1796.2,1815.8,34.6134,2.4532,153.95,2.468636493708076,,104.1242933590696,34.960464661785075,1.0236420009347988,,,2379.176461336107,2303.83278318629,2,20:27:12,2,2,2,2
1036,2022.0,3.0,31.0,20,34,03,41,41203,11.0,-25.71826,-178.71482,1497.1,1512.4,34.5792,2.6722,157.56,2.445252746106701,,93.22733691898377,35.29350617602748,1.023616067494554,,,2375.2682106667285,2285.8179685738946,2,20:34:03,2,2,2,2
1037,2022.0,3.0,31.0,20,37,37,41,41204,12.0,-25.7182,-178.7149,1347.9,1361.1,34.5432,2.9506,160.56,2.4199171321425945,,83.66641227157521,34.39467200412281,1.0235887696728128,,,2353.400430629712,2277.8678987903404,2,20:37:37,2,2,2,2
1038,2022.0,3.0,31.0,20,44,03,41,41205,13.0,-25.71826,-178.71484,999.1,1008.1,34.3765,4.2695,188.19,2.2042823068606445,,38.67460207010552,31.928872882797933,1.0234623727543375,,,2298.796748800656,2214.6393070613194,2,20:44:03,2,2,2,2
1039,2022.0,3.0,31.0,20,48,36,41,41206,14.0,-25.71824,-178.71486,799.2,806.0,34.34,5.4937,209.45,1.936615987385063,,20.02765786752353,28.14542054320219,1.0234346989338952,2248.769474367713,2201.929962733132,,,2,20:48:36,2,2,2,2
1041,2022.0,3.0,31.0,20,53,18,41,41208,16.0,-25.71822,-178.71488,599.9,604.7,34.3977,7.064,228.06,1.5769750749534792,,8.145750433635165,22.966775781819383,1.0234784465744413,2275.214103399106,2150.9316539039805,,,2,20:53:18,2,2,2,2
1042,2022.0,3.0,31.0,20,57,46,41,41209,17.0,-25.7182,-178.71486,400.7,403.7,34.6939,10.0323,208.18,1.22105722556356,,4.809988622939976,17.542196525336326,1.0237030450584181,2282.5701864219927,2143.031502809045,,,2,20:57:46,2,2,2,2
1043,2022.0,3.0,31.0,21,00,08,41,41210,18.0,-25.7182,-178.71488,300.7,302.9,35.112,13.371,197.46,0.8193198233211123,,2.773382953792561,11.18044416829966,1.0240201397777904,2292.432303893524,2131.837938583826,,,2,21:00:08,2,2,2,2
1044,2022.0,3.0,31.0,21,02,35,41,41211,19.0,-25.71822,-178.71488,201.9,203.3,35.5405,16.4718,206.4,0.437352564435445,,1.2046720190029891,5.259945574058432,1.0243451998007584,2351.8144609859323,2120.8862657920454,,,2,21:02:35,2,2,2,2
1045,2022.0,3.0,31.0,21,05,27,41,41212,20.0,-25.7182,-178.71488,86.7,87.3,35.6774,19.2736,213.94,0.249890412120935,0.0556396620738019,0.3435993166662855,1.077652402271532,1.0244490688026409,2309.496729832209,2086.4450816974154,,,2,21:05:27,2,2,2,2
1047,2022.0,3.0,31.0,21,06,44,41,41214,22.0,-25.7182,-178.71488,61.9,62.3,35.6628,20.3463,227.83,0.0712585833751383,,0.1786345309267168,,1.0244379910795303,2337.837139941329,2063.0160369506125,,,2,21:06:44,2,2,2,2
1049,2022.0,3.0,31.0,21,09,25,41,41216,24.0,-25.71818,-178.7149,6.8,6.8,35.4681,25.6325,208.84,0.0195257150771507,,0.1269171480014796,,1.0242902716225895,,,2316.4367322992434,2022.766453417429,2,21:09:25,2,2,2,2
1050,2022.0,4.0,1.0,12,43,33,42,41217,1.0,-25.71832,178.9998,998.3,1007.3,34.4041,4.5167,183.67,2.147568017927904,,41.19949982346038,31.04105365312534,1.0234832990857985,2302.3145329719064,2220.686724191378,2304.250749610172,,2,12:43:33,2,2,2,2
1054,2022.0,4.0,1.0,12,48,06,42,41221,5.0,-25.71834,178.99976,799.0,805.8,34.3583,5.7077,205.96,1.927795934972896,,20.495411825641888,27.48452704250004,1.0234485736830545,2253.2385651938894,2186.928456186816,,,2,12:48:06,2,2,2,2
1056,2022.0,4.0,1.0,12,52,15,42,41223,7.0,-25.71824,178.99982,598.7,603.5,34.4542,7.5961,221.29,1.5329432048399665,,8.183513246487928,21.824656029136506,1.0235212857503078,2266.59434746915,2165.498524792698,,,2,12:52:15,2,2,2,2
1057,2022.0,4.0,1.0,12,56,47,42,41224,8.0,-25.71822,178.99982,400.1,403.1,34.9255,12.425,196.09,0.985468312077551,,3.569758850984588,13.251569928908042,1.023878685528548,2243.7270009409485,,,,2,12:56:47,2,2,2,2
1058,2022.0,4.0,1.0,12,59,04,42,41225,9.0,-25.71824,178.99978,300.8,302.9,35.4081,15.8347,193.02,0.6199690047689578,,1.828664481783083,7.863354904581395,1.0242447527463794,2276.803856320797,2115.7499479041785,,,2,12:59:04,2,2,2,2
1059,2022.0,4.0,1.0,13,00,35,42,41226,10.0,-25.71822,178.99979,250.7,252.5,35.5819,17.3419,194.59,0.4812683100876885,,1.2104923012347542,5.87381627139477,1.0243766100248195,2278.5943332798333,2115.2374613333754,,,2,13:00:35,2,2,2,2
1065,2022.0,4.0,1.0,13,04,23,42,41232,16.0,-25.71822,178.9998,121.1,121.9,35.7114,19.4552,212.09,0.212791945520317,0.1776519912142096,0.3562800922702556,1.268942794387212,1.0244748665977381,2356.999686205562,2074.262238475737,,,2,13:04:23,2,2,2,2
1072,2022.0,4.0,1.0,13,09,26,42,41239,23.0,-25.71828,178.9998,21.7,21.8,35.0002,26.04,208.04,0.0292987250173958,,0.1064520342298716,,1.0239353412883245,,,2300.7177041190325,1983.9143333445984,2,13:09:26,2,2,2,2
1073,2022.0,4.0,1.0,13,10,29,42,41240,24.0,-25.71828,178.9998,7.0,7.1,34.9967,26.0263,208.74,0.0224624140816759,,0.0947327898227201,,1.023932686681377,,,2288.551143205812,,2,13:10:29,2,2,2,2
1075,2022.0,4.0,1.0,17,57,34,42,41242,2.0,-25.71828,178.99978,3741.9,3800.1,34.6929,1.8537,158.89,2.452861571719524,,124.60360951964446,34.71614790814024,1.0237022867294219,2401.703090833585,2298.5559568515464,,,4,17:57:34,2,2,2,2
1077,2022.0,4.0,1.0,21,47,13,42,41244,4.0,-25.71832,178.99982,3295.2,3343.0,34.6909,1.819,156.3,2.4694716209117007,,123.93269958270074,34.17404872862932,1.0237007700727054,2400.685700039202,2314.285346351217,2411.9151047302007,,4,21:47:13,2,2,2,2
1080,2022.0,4.0,1.0,21,57,18,42,41247,7.0,-25.71828,178.99984,2995.8,3037.1,34.6872,1.8311,155.26,2.4733857918968334,,123.94573832276691,35.00153487735207,1.0236979642622657,2403.515525390496,2311.2727242190326,,,4,21:57:18,2,2,2,2
1083,2022.0,4.0,1.0,22,04,36,42,41250,10.0,-25.71822,178.99988,2796.2,2833.4,34.6824,1.8683,154.61,2.4851168357683187,,119.09219100466149,34.31493089892669,1.0236943243006427,2398.051725068098,2301.7796045452174,,,4,22:04:36,2,2,2,2
1086,2022.0,4.0,1.0,22,15,31,42,41257,13.0,-25.7183,178.99984,2397.5,2427.1,34.664,2.0526,152.0,2.487104443550632,,114.71940197675258,34.61138944989884,1.0236803712051945,2393.374328148306,2309.384009698182,,,4,22:15:31,2,2,2,2
1087,2022.0,4.0,1.0,22,19,50,42,41253,14.0,-25.71826,178.99986,2197.9,2223.9,34.6516,2.1775,151.31,2.4744278961709054,,117.51334534934033,34.879371509191536,1.02367096811337,2341.0731439460787,2301.6609401679707,,,4,22:19:50,2,2,2,2
1091,2022.0,4.0,1.0,22,23,53,42,41258,18.0,-25.71836,178.99978,1998.6,2021.4,34.6419,2.2679,151.09,2.480306976784311,,112.06611097390412,34.643216351989764,1.023663612514522,2393.684671440149,2300.9857462470595,,,4,22:23:53,2,2,2,2
1092,2022.0,4.0,1.0,22,30,28,42,41259,19.0,-25.71838,178.99984,1798.0,1817.6,34.6272,2.4121,151.01,2.48033398609902,,107.52770468054558,34.650431857791354,1.0236524654460941,2384.881368824,2296.7600590142747,,,4,22:30:28,2,2,2,2
1093,2022.0,4.0,1.0,22,34,11,42,41260,20.0,-25.71842,178.9998,1649.0,1666.4,34.6125,2.5595,151.32,2.462776711445496,,95.99163127463144,34.34406111367626,1.023641318469481,2360.0190535971965,2312.2793139686446,,,4,22:34:11,2,2,2,2
1094,2022.0,4.0,1.0,22,37,27,42,41261,21.0,-25.71842,178.9998,1498.7,1513.9,34.5854,2.831,152.68,2.455010758372832,,95.2598882009291,33.78497296331382,1.023620768841601,2368.6423738357485,,,,4,22:37:27,2,2,2,2
1098,2022.0,4.0,2.0,19,08,00,43,41265,1.0,-25.71842,175.5,4289.6,4361.9,34.6954,1.902,159.71,2.470440233714472,,124.53109225568288,34.74148157851135,1.0237041825527102,2421.2483018479643,2317.7395539743125,,,2,19:08:00,2,2,2,2
1099,2022.0,4.0,2.0,19,18,14,43,41266,2.0,-25.71838,175.5,3791.5,3850.9,34.6933,1.8581,158.79,2.472397769208789,,124.083890412385,34.621383538640025,1.0237025900609693,2392.353253550111,2319.5705050262345,2402.112866611055,,2,19:18:14,2,2,2,2
1102,2022.0,4.0,2.0,19,26,30,43,41269,5.0,-25.71822,175.5001,3392.6,3442.6,34.6901,1.8461,157.79,2.474357327013816,,123.5459410093744,34.62830354730073,1.0237001634104954,2389.079834669655,2328.9161751182714,,,2,19:26:30,2,2,2,2
1103,2022.0,4.0,2.0,19,34,34,43,41270,6.0,-25.7183,175.50004,2994.1,3035.4,34.6845,1.8756,156.48,2.487066675035465,,122.14467006274924,34.3529747686458,1.023695916782647,2422.00602747543,2321.7740556997164,,,2,19:34:34,2,2,2,2
1104,2022.0,4.0,2.0,19,42,47,43,41271,7.0,-25.7184,175.5001,2594.9,2628.2,34.6731,1.9745,154.48,2.4763422087761326,,119.29424478727468,34.82215807346856,1.0236872719028836,2344.8739102182385,2313.9752392289533,,,2,19:42:47,2,2,2,2
1106,2022.0,4.0,2.0,19,51,16,43,41273,9.0,-25.71834,175.50002,2196.0,2222.1,34.6533,2.1625,151.95,2.4959160335956456,,114.7486406600049,34.84122945370736,1.02367225724306,2369.1501557060574,2328.89371541858,,,2,19:51:16,2,2,2,2
1107,2022.0,4.0,2.0,19,55,19,43,41274,10.0,-25.71835,175.49996,1996.8,2019.5,34.6409,2.2838,151.36,2.48421635067378,,111.44978010197389,34.84838768288862,1.0236628542076363,2421.321993815637,2299.548919236284,,,2,19:55:19,2,2,2,2
1108,2022.0,4.0,2.0,19,59,26,43,41275,11.0,-25.71842,175.50005,1796.7,1816.3,34.6236,2.4542,152.12,2.4832712906383057,,106.206250265781,34.56064977191266,1.023649735565782,2418.1150958047656,2297.268021610328,,,2,19:59:26,2,2,2,2
1109,2022.0,4.0,2.0,20,03,54,43,41276,12.0,-25.71836,175.50016,1597.1,1613.7,34.6025,2.6642,152.69,2.4588873076371955,,99.95078947408994,34.32184655511227,1.0236337355446543,2333.433087718146,2290.2679393688486,,,2,20:03:54,2,2,2,2
1110,2022.0,4.0,2.0,20,08,04,43,41277,13.0,-25.71826,175.50016,1398.8,1412.7,34.5695,2.9826,156.93,2.428662408188671,,89.49025043334947,33.74433959824814,1.0236087121940065,2365.3006731784167,2265.9073178720423,,,2,20:08:04,2,2,2,2
1111,2022.0,4.0,2.0,20,12,57,43,41278,14.0,-25.71826,175.5001,1198.5,1209.8,34.4901,3.6291,168.11,2.3477148225022737,,66.81461559770516,33.04679728303763,1.0235485063892051,2319.93129139886,2258.181648924166,,,2,20:12:57,2,2,2,2
1113,2022.0,4.0,2.0,20,21,58,43,41280,16.0,-25.71832,175.50004,800.4,807.2,34.3686,5.9507,206.65,1.90433127616946,,19.381382859978142,27.07980570499568,1.023456383030368,,,2283.315061876077,,2,20:21:58,2,2,2,2
1114,2022.0,4.0,2.0,20,26,11,43,41281,17.0,-25.71838,175.50006,600.4,605.2,34.5137,8.3998,211.84,1.465464281051275,,7.487545499984647,20.8428099812986,1.0235664010343195,,,2287.5596137716843,,2,20:26:11,2,2,2,2
1115,2022.0,4.0,2.0,20,30,39,43,41282,18.0,-25.71834,175.50014,400.9,403.9,35.2251,14.2167,195.1,0.7889808822794628,,2.702845398699941,10.42958515300364,1.0241059297477382,,,2306.941100667525,,2,20:30:39,2,2,2,2
1116,2022.0,4.0,2.0,20,33,07,43,41283,19.0,-25.71832,175.50013,302.6,304.8,35.6074,17.5262,200.16,0.3953549378299859,,0.8961378590813013,4.567569763225936,1.0243959572705825,2329.881094088103,2134.569553516784,,,2,20:33:07,2,2,2,2
1117,2022.0,4.0,2.0,20,35,41,43,41284,20.0,-25.71828,175.50014,202.5,203.9,35.735,19.0208,210.82,0.2030272983475683,,0.3035648547408353,1.837982705713804,1.024492773596971,2333.223909790976,2083.1181857934703,,,2,20:35:41,2,2,2,2
1120,2022.0,4.0,2.0,20,41,21,43,41287,23.0,-25.71824,175.5001,52.8,53.1,35.5676,21.6992,223.72,0.0546679732557614,,0.1425272159882352,,1.0243657605158818,2320.3696004815147,2038.91142659234,,,2,20:41:21,2,2,2,2
1121,2022.0,4.0,2.0,20,43,28,43,41288,24.0,-25.71822,175.5001,8.3,8.3,35.1799,25.7725,208.28,0.0380832730304843,,0.096672923846614,,1.0240716434425647,,,2299.578082527092,,2,20:43:28,2,2,2,2
1122,2022.0,4.0,3.0,17,26,23,44,41289,1.0,-25.83284,171.99906,3192.8,3238.4,34.6872,1.8653,156.61,2.4177053060602933,,123.23068366255032,35.15001617291617,1.0236979642622657,2396.1714447053687,2317.19101344415,,,2,17:26:23,2,2,2,2
1123,2022.0,4.0,3.0,17,30,47,44,41290,2.0,-25.83288,171.9991,2992.7,3033.9,34.6854,1.8615,156.47,2.4558057551223773,,123.09506555866388,35.1822991553252,1.0236965992755085,2390.8314250746407,2320.780127715036,,,2,17:30:47,2,2,2,2
1124,2022.0,4.0,3.0,17,35,09,44,41291,3.0,-25.83298,171.9991,2795.5,2832.7,34.6813,1.8936,155.7,2.451905794230024,,122.21822372083476,35.1775217354651,1.023693490144151,2393.03159111911,2313.8669809854264,,,2,17:35:09,2,2,2,2
1125,2022.0,4.0,3.0,17,39,41,44,41292,4.0,-25.8331,171.999,2595.2,2628.4,34.6761,1.9388,154.39,2.4675449776092493,,120.71335531199831,35.22650017322532,1.0236895468658838,2344.765625733846,2311.858385798477,,,2,17:39:41,2,2,2,2
1126,2022.0,4.0,3.0,17,43,51,44,41293,5.0,-25.833,171.99902,2395.7,2425.3,34.668,2.0122,154.01,2.47146724166989,,119.16477249390704,35.39180164652178,1.0236834044745668,2393.7934620705714,2315.469519272987,,,2,17:43:51,2,2,2,2
1127,2022.0,4.0,3.0,17,48,09,44,41294,6.0,-25.83306,171.99902,2194.5,2220.5,34.6587,2.1039,153.1,2.482229851948353,,117.36815034318724,35.64700886558337,1.0236763521337546,2385.245175477787,2309.642659825167,,,2,17:48:09,2,2,2,2
1128,2022.0,4.0,3.0,17,52,25,44,41295,7.0,-25.83294,171.999,1995.5,2018.2,34.6483,2.2036,152.52,2.4842027328537872,,114.50386910291932,35.49489040434226,1.023668465688655,2381.4434767050107,2310.351220844557,,,2,17:52:25,2,2,2,2
1130,2022.0,4.0,3.0,18,00,18,44,41297,9.0,-25.83284,171.99902,1596.9,1613.5,34.6018,2.6972,155.59,2.4422810714032206,,100.08467830610395,34.93927300749447,1.023633204741507,2373.1575807019967,2296.350984413696,,,2,18:00:18,2,2,2,2
1131,2022.0,4.0,3.0,18,04,23,44,41298,10.0,-25.83284,171.99902,1399.5,1413.4,34.564,3.075,160.78,2.3925255313730203,,88.02032067196667,34.32184849660961,1.0236045416805104,2361.614157962316,2273.180867612625,,,2,18:04:23,2,2,2,2
1132,2022.0,4.0,3.0,18,08,17,44,41299,11.0,-25.83284,171.99906,1197.8,1209.1,34.4841,3.8162,171.83,2.302783367550408,,65.47935684200078,33.42992723269931,1.023543956940798,2325.661888539528,2245.954961267113,,,2,18:08:17,2,2,2,2
1133,2022.0,4.0,3.0,18,12,23,44,41300,12.0,-25.83298,171.99909,999.1,1008.1,34.408,4.8357,189.43,2.1270437067806824,,39.59701437974309,30.80256311436279,1.0234862560934055,2292.8045241246414,2214.503894833439,,,2,18:12:23,2,2,2,2
1134,2022.0,4.0,3.0,18,16,23,44,41301,13.0,-25.83294,171.99914,800.2,807.0,34.3926,6.4737,212.72,1.7714167365615203,,15.195296793714707,26.12570993873055,1.0234745797418605,2279.4167355617087,2174.483005196038,,,2,18:16:23,2,2,2,2
1136,2022.0,4.0,3.0,18,24,26,44,41303,15.0,-25.833,171.99908,401.6,404.6,35.3144,14.8015,191.6,0.7625659812076504,,2.975081363303087,10.522629423143211,1.0241736705368842,2310.2367740508994,2128.380588886564,,,2,18:24:26,2,2,2,2
1138,2022.0,4.0,3.0,18,29,29,44,41305,17.0,-25.83294,171.99908,202.8,204.2,35.6862,18.9908,198.86,0.3279790282472843,0.0322122259885725,0.7262392768332724,3.454517205259343,1.0244557458310053,2329.3674400011832,2088.423502647816,,,2,18:29:29,2,2,2,2
1139,2022.0,4.0,3.0,18,30,53,44,41306,18.0,-25.83288,171.9991,151.3,152.3,35.6736,20.6604,187.28,0.2986979739062526,0.0185466062229372,0.6686539611953696,3.429169876904136,1.0244461855507567,2325.449421284088,2080.275052168581,,,2,18:30:53,2,2,2,2
1140,2022.0,4.0,3.0,18,32,22,44,41307,19.0,-25.83286,171.99906,102.1,102.8,35.6366,21.8355,190.49,0.2215892098321524,0.0859024249569577,0.4646540259035442,2.1377989847242898,1.0244181121090965,2297.22278726153,2090.875769333981,,,2,18:32:22,2,2,2,2
1141,2022.0,4.0,3.0,18,34,33,44,41308,20.0,-25.83286,171.99902,52.7,53.1,35.3224,26.7041,206.67,0.0527251203353112,,0.131812800838278,0.0292917335196173,1.0241797393079626,2310.1626039415123,1996.018672020841,,,2,18:34:33,2,2,2,2
1142,2022.0,4.0,3.0,18,35,54,44,41309,21.0,-25.83286,171.99902,22.1,22.2,35.3152,26.74,206.06,0.0283154934072931,,0.1503650339559703,,1.0241742774127531,2310.305183184648,1989.839258461412,,,2,18:35:54,2,2,2,2
1143,2022.0,4.0,3.0,18,37,00,44,41310,22.0,-25.8329,171.99904,7.1,7.2,35.3151,26.7298,207.4,0.0205043243309112,,0.1376718919361184,,1.0241742015532542,2335.0605084207464,2019.938622432324,,,2,18:37:00,2,2,2,2
1148,2022.0,2.0,24.0,19,34,52,05,40076,5.0,-32.49932,-71.99856,2425.4,2456.9,34.6698,1.9156,144.67,2.5437518245036905,,122.14404642107064,36.06969752994404,1.023684769448004,2396.3780078391114,2318.368132309616,,,1,19:34:52,2,2,2,2
1157,2022.0,2.0,24.0,19,53,01,05,40085,14.0,-32.49936,-71.99856,1498.6,1514.7,34.5695,2.9857,112.22,2.762774453080274,,93.54941869804132,38.74234317036932,1.0236087121940065,2364.143142998574,2293.113354525317,,,1,19:53:01,2,2,2,2
1158,2022.0,2.0,24.0,20,03,53,05,40086,15.0,-32.49934,-71.99846,900.5,908.8,34.4288,4.5293,109.55,2.717141663507705,,50.00185505693414,38.973054230729545,1.0235020269093575,2320.3897518592344,2266.6247597522806,,,1,20:03:53,2,2,2,2
1170,2022.0,2.0,25.0,06,01,07,05,40098,3.0,-32.49934,-71.99854,401.7,405.0,34.4051,7.3434,94.29,2.498329096366011,,19.20010366550195,34.521299817287414,1.0234840572922637,2236.8781468961765,2245.012159050036,,,4,06:01:07,2,2,2,2
1178,2022.0,2.0,25.0,06,15,26,05,40106,11.0,-32.49942,-71.9985,103.6,104.4,34.0679,11.0842,195.06,1.6389302496330775,0.0127048856560703,4.679307117020379,20.43922912392736,1.0232284140069081,2255.743873465895,2143.2877263751125,,,4,06:15:26,2,2,2,2
1190,2022.0,2.0,25.0,06,22,37,05,40118,23.0,-32.49944,-71.99836,7.4,7.5,34.4036,19.3663,240.91,0.4289275291544776,,0.1016138110069833,,1.0234829199827247,2282.135274615081,2036.2193654201224,,,4,06:22:37,2,2,2,2
1192,2022.0,2.0,25.0,18,09,56,06,40120,1.0,-32.49998,-72.79988,5434.5,5543.5,34.7071,1.8326,169.55,2.412785484992154,,125.03894462386056,33.86788888670565,1.023713055041042,2400.3635067883697,2309.962638811215,,,2,18:09:56,2,2,2,2
1198,2022.0,2.0,25.0,18,39,33,06,40126,7.0,-32.4999,-72.7999,3992.2,4058.8,34.6992,1.744,162.92,2.4694564376703245,,123.81667024825512,34.29496701492474,1.0237070642092012,2401.8990250075244,2313.0748556338376,,,2,18:39:33,2,2,2,2
1202,2022.0,2.0,25.0,19,19,48,06,40130,11.0,-32.50006,-72.79988,1997.9,2021.7,34.638,2.2459,132.23,2.669830071450221,,114.90135858176914,36.79051237500432,1.023660655120071,2386.82877106878,2315.044742145129,,,2,19:19:48,2,2,2,2
1203,2022.0,2.0,25.0,19,30,09,06,40131,12.0,-32.50004,-72.79982,1499.2,1515.3,34.5739,2.9229,113.75,2.7842579655630746,,96.36170278920878,38.33288212377681,1.0236120486140479,2366.458328244886,2307.852088396012,,,2,19:30:09,2,2,2,2
1205,2022.0,2.0,25.0,19,47,03,06,40133,14.0,-32.50002,-72.79982,701.6,707.8,34.3287,4.9387,166.35,2.356789538272536,,28.44953739483547,33.36146981975091,1.023426131536519,2284.626112104557,2220.677440582422,,,2,19:47:03,2,2,2,2
1208,2022.0,2.0,25.0,19,56,09,06,40136,17.0,-32.49998,-72.79984,402.6,405.8,34.3767,6.9005,124.27,2.4485508167342327,,19.090098107483417,33.62897925393409,1.0234625243932614,2289.009919270084,2241.5373999857,,,2,19:56:09,2,2,2,2
1210,2022.0,2.0,25.0,20,02,10,06,40138,19.0,-32.49994,-72.79992,202.8,204.4,34.5106,9.8487,34.1,2.7140460812104314,,20.955210365688465,28.972295370156715,1.0235640504530585,2274.0153755788283,2276.183575894572,,,2,20:02:10,2,2,2,2
1211,2022.0,2.0,25.0,20,05,19,06,40139,20.0,-32.49994,-72.79996,103.2,103.9,34.1486,10.9416,166.64,1.84991620780792,0.0087951642209568,6.325677555805952,22.04165877818681,1.023289591177285,2257.754145162816,2177.394628696584,,,2,20:05:19,2,2,2,2
1218,2022.0,2.0,26.0,07,51,16,07,40146,3.0,-32.50002,-73.79992,3793.7,3855.2,34.6999,1.6804,164.89,2.468478315722546,,123.94359543154256,33.967707349671585,1.02370759504133,2403.607944740072,2310.6881297222008,,,2,07:51:16,2,2,2,2
1221,2022.0,2.0,26.0,08,13,57,07,40149,6.0,-32.5,-73.79982,2554.1,2588.0,34.6719,1.9023,148.87,2.5496090375844456,,121.97681306016068,35.42491269692044,1.0236863619187553,2383.429607252754,2319.565144321557,,,2,08:13:57,2,2,2,2
1224,2022.0,2.0,26.0,08,39,45,07,40152,9.0,-32.50004,-73.79994,1100.3,1111.0,34.5052,3.5634,107.54,2.8293408542426475,,76.62277089659612,38.91809148092399,1.0235599559018829,2332.223442576681,2292.387598469292,,,2,08:39:45,2,2,2,2
1227,2022.0,2.0,26.0,08,49,34,07,40155,12.0,-32.49996,-73.80006,602.5,607.6,34.2873,5.1397,192.04,2.1585023902794003,,20.97040280569769,31.10432235734444,1.0233947434795583,2287.901071105744,2202.354236297921,,,2,08:49:34,2,2,2,2
1230,2022.0,2.0,26.0,08,57,58,07,40158,15.0,-32.50006,-73.79992,253.2,255.2,34.54,9.386,25.68,2.803867029872295,,23.062050559987945,31.52933820734097,1.0235863432263823,2279.825160629386,2280.2414495074404,,,2,08:57:58,2,2,2,2
1231,2022.0,2.0,26.0,08,59,34,07,40159,16.0,-32.50004,-73.7999,203.8,205.4,34.5539,9.9542,24.63,2.776483640021252,,22.27341678706703,28.56690996406101,1.0235968831346138,2276.812806345794,2282.447424542824,,,2,08:59:34,2,2,2,2
1234,2022.0,2.0,26.0,09,01,37,07,40162,19.0,-32.50002,-73.79986,104.1,104.8,33.9873,10.9095,220.44,1.2822927201456558,0.0283433604300487,1.890208933507392,16.53199798876811,1.0231673153778569,2250.4387466915014,2121.5481691298605,,,2,09:01:37,2,2,2,2
1238,2022.0,2.0,26.0,09,08,34,07,40166,23.0,-32.49994,-73.79994,4.1,4.1,34.4725,19.4037,241.94,0.468962882868673,,,0.0332182042031976,1.0235351613838013,2290.078980061656,2038.3661979588687,,,2,09:08:34,2,2,2,2
1244,2022.0,2.0,27.0,00,02,27,08,40172,5.0,-32.50014,-76.60032,3824.2,3886.5,34.7015,1.6397,167.02,2.4342859801717736,,123.16002262442105,34.18159511162548,1.0237088083726933,2398.0219058083994,2304.84529597403,,,2,00:02:27,2,2,2,2
1251,2022.0,2.0,27.0,00,29,07,08,40179,12.0,-32.50012,-76.60038,2496.1,2528.8,34.6695,1.9165,148.23,2.5447292532442023,,121.52962646357189,35.34584973901534,1.0236845419523355,2393.74919972946,2313.843125953633,,,2,00:29:07,2,2,2,2
1256,2022.0,2.0,27.0,00,53,21,08,40184,17.0,-32.50002,-76.60044,1099.3,1110.1,34.5022,3.5483,108.73,2.83227809567534,,76.19404498227806,38.87030573112765,1.0235576811565712,2345.2540016623634,2292.8414874832874,,,2,00:53:21,2,2,2,2
1257,2022.0,2.0,27.0,00,59,27,08,40185,18.0,-32.50002,-76.60046,801.3,808.5,34.3785,4.4356,139.82,2.5824066955695564,,43.61560820413524,36.46928865385309,1.0234638891443393,2314.9445444293297,2244.4149506274834,,,2,00:59:27,2,2,2,2
1262,2022.0,2.0,27.0,01,03,30,08,40190,23.0,-32.50002,-76.60046,601.1,606.2,34.3002,5.4856,183.51,2.180955768933364,,19.39702193955923,31.13431615838879,1.0234045237385077,2289.706642109838,2202.005173060684,,,2,01:03:30,2,2,2,2
1266,2022.0,2.0,27.0,09,38,48,08,40194,3.0,-32.50002,-76.60006,402.1,405.4,34.4017,7.2599,98.28,2.466092499787454,,19.332054754672967,34.75588050809799,1.0234814793920086,2284.742415560473,2244.619811729259,,,4,09:38:48,2,2,2,2
1272,2022.0,2.0,27.0,09,45,02,08,40200,9.0,-32.5,-76.60022,202.5,204.0,34.4869,10.3273,42.9,2.613463186690394,0.0048849779190474,18.77785512081845,27.982130515887693,1.0235460800148228,2286.5613077839034,2268.8072067933176,,,4,09:45:02,2,2,2,2
1274,2022.0,2.0,27.0,09,48,11,08,40202,11.0,-32.49996,-76.60024,103.9,104.7,34.0239,12.0687,224.51,1.0252199619027846,0.021501276608066,0.9216229018821028,12.511788324384604,1.0231950595783172,2253.7982312857853,2098.344131187329,,,4,09:48:11,2,2,2,2
1288,2022.0,2.0,27.0,22,29,15,09,40216,1.0,-32.49994,-79.00118,3990.9,4057.5,34.7023,1.6663,166.53,2.4186551023428824,,123.8847646968211,34.56840337710416,1.023709415038783,2400.3207498195675,2305.3212000149647,,,2,22:29:15,2,2,2,2
1291,2022.0,2.0,27.0,22,52,22,09,40219,4.0,-32.49994,-79.00106,2994.7,3037.6,34.6855,1.792,155.11,2.4587361287798304,,124.88660274929926,35.32589377237386,1.02369667510807,2398.288535700385,2312.2329527361608,,,2,22:52:22,2,2,2,2
1294,2022.0,2.0,27.0,23,16,30,09,40222,7.0,-32.5,-79.0012,1996.9,2020.7,34.6377,2.2237,136.64,2.59363352176357,,114.44517814507252,36.85401817026458,1.023660427628458,2384.8311673502094,2313.3989161821664,,,2,23:16:30,2,2,2,2
1296,2022.0,2.0,27.0,23,29,55,09,40224,9.0,-32.50002,-79.00114,1298.4,1311.7,34.5499,3.1703,112.15,2.7403447176221856,,88.96595069884646,39.44924053389799,1.0235938500590964,2361.328168041696,2300.572765788698,,,2,23:29:55,2,2,2,2
1301,2022.0,2.0,27.0,23,50,22,09,40229,14.0,-32.49999,-79.00094,402.0,405.3,34.3575,7.1118,124.96,2.322541131873208,,16.146399749349918,32.79013792365712,1.023447967133684,2272.271133824833,2237.247677558732,,,2,23:50:22,2,2,2,2
1303,2022.0,2.0,27.0,23,55,17,09,40231,16.0,-32.50002,-79.00096,202.0,203.5,34.3089,10.1234,106.34,2.1789874635211905,,11.211525630691543,25.79217627224455,1.0234111197667812,2225.057252516795,2214.5524144822093,,,2,23:55:17,2,2,2,2
1304,2022.0,2.0,27.0,23,58,06,09,40232,17.0,-32.5,-79.00096,103.1,103.9,34.0436,12.6932,240.25,0.8209458523774298,0.0175916968366592,0.418291458116119,9.306984943083648,1.0232099931650669,2263.279872479723,2081.073714464281,,,2,23:58:06,2,2,2,2
1309,2022.0,2.0,28.0,00,03,51,09,40237,22.0,-32.50004,-79.00098,8.6,8.6,34.1958,19.8614,237.72,0.3146604278711999,,,,1.0233253738910073,2273.486425992281,2027.7201637920523,,,2,00:03:51,2,2,2,2
