date_time,salinity,temperature,latitude,longitude,salinity_flag,total_phosphate,total_ammonium,total_silicate,total_nitrate_nitrite,total_nitrite,total_nitrate,density,Phosphate_flag,Ammonium_flag,Nitrate_and_Nitrite_flag,Nitrite_flag,Nitrate_flag,Silicate_flag,sample,depth,tco2,internal_flag_tco2,duplicate_difference_tco2,n_duplicates_tco2,flag_tco2,talk,internal_flag_talk,duplicate_difference_talk,n_duplicates_talk,pH_initial_talk,flag_talk,pH_real_TA_tCO2,pH_real_initial_talk_tCO2,subsample_index,RMSE_pH_TA_tCO2,RMSE_pH_pH_initial_talk_tCO2,pH_optode,pH_total_talk_tco2_insitu_temp,pH_total_initial_talk_tco2_insitu_temp,offset,pH_initial_talk_corr,diff
2020-12-08 22:24:00,35.756005,13.4435,47.25180555555555,-10.181111111111113,2.0,0.1356747752962674,0.2776939936421525,1.0731973472069616,1.854059067232816,0.1566604053398313,1.6973986618929844,1.0245087117885203,2.0,2.0,2.0,2.0,2.0,3.0,1.0,3.0,2121.437468485,2.0,0.5685632938561866,2.0,2.0,2346.1477831128614,2.0,0.4139536547163516,2.0,7.974139386983446,2.0,8.071218571458289,8.040996297355854,0,0.0049427737671106,5.403631563490136e-06,8.074556767229103,8.07077375518018,8.040878088300401,0.029895666879779625,8.06551890914286,0.009037858086243133
2020-12-09 08:10:00,35.81310775970076,13.7981,47.43888888888889,-10.514444444444443,2.0,0.1615340103180167,0.1995994266467337,0.8759925937185502,2.052604372802352,0.2264404253400597,1.8261639474622928,1.024552041233764,2.0,2.0,2.0,2.0,2.0,2.0,2.0,3.0,2124.329732009317,2.0,11.742420143159508,2.0,2.0,2347.329106558236,2.0,1.0339235636438389,2.0,7.986573442616024,2.0,8.061175573047217,8.047996944131905,1,0.0047952150784088,5.135839175416597e-06,8.081046537209353,8.060688238285893,8.047878882008064,0.012809356277829309,8.072519702850522,0.008526834358830726
2020-12-09 14:08:00,35.7670398297639,13.5952,47.25527777777778,-10.181944444444444,2.0,0.2118071071748148,0.4070210308382388,0.9804619315995464,3.003854250370935,0.2259601166404131,2.7778941337305216,1.024517084881855,2.0,2.0,2.0,2.0,2.0,2.0,3.0,3.0,2118.171494396686,3.0,,1.0,3.0,2354.611841469906,3.0,,1.0,7.978739056458095,3.0,8.09073974546659,8.043251401383305,2,0.0046597285501714,5.248269543685795e-06,8.076377624771055,8.090156477026678,8.043135283697106,0.047021193329571886,8.067776104539565,0.008601520231490412
2020-12-11 20:21:00,36.45132964667912,16.7124,38.82972222222222,-18.49222222222222,2.0,0.0790215825363758,0.642903986314466,0.7009507043504457,0.7121698179204252,0.093655208932001,0.6185146089884239,1.0250364191670465,3.0,3.0,3.0,3.0,3.0,3.0,4.0,3.0,2110.413083255512,2.0,2.985682837832883,2.0,2.0,2372.362968309051,2.0,8.285776104958131,2.0,8.039097031094371,2.0,8.078253397106511,8.054719225990358,3,0.0043976831221125,3.284352212711386e-06,8.100342039140811,8.07795920976997,8.05459795195422,0.02336125781575049,8.079238772796678,0.02110326634413262
2020-12-12 09:27:00,36.68972737072198,18.1357,36.748333333333335,-20.40194444444444,2.0,0.0136556403021636,0.1624045793078756,0.5862171301143139,0.1204622555226584,0.0073155215904447,0.1131467339322136,1.0252173966373237,2.0,2.0,2.0,2.0,2.0,2.0,5.0,3.0,2111.080969816183,3.0,0.818466315648493,2.0,2.0,2385.0121703527047,2.0,7.010737197878825,2.0,8.061829021708478,2.0,8.072880502082525,8.055417402748839,4,0.0041383072541315,2.478002448610494e-06,8.105658956366119,8.072715458531848,8.055294499689278,0.017420958842569334,8.079935320531737,0.025723635834381753
2020-12-12 22:12:00,36.94018882349032,19.4297,34.47138888888889,-22.183333333333334,2.0,0.0297442706836338,0.2067470618009958,0.5446614812068691,0.0872823680716468,0.011702663875528,0.0755797041961187,1.0254075591364886,2.0,2.0,2.0,2.0,2.0,2.0,6.0,3.0,2104.9334168628607,3.0,,1.0,3.0,2400.3354413865272,2.5,2.747021126730488,2.0,8.078955077352617,2.0,8.084819010470667,8.052632188189456,5,0.0039577236216714,1.855400500562688e-06,8.106814950298013,8.084629781546164,8.052509610790878,0.03212017075528628,8.077150431633337,0.02966451866467601
2020-12-13 10:28:00,37.10145723908936,20.5789,32.24194444444444,-24.18305555555556,2.0,0.0078008443149814,0.0975105539372686,0.5416711271215273,0.0750831265316968,0.0048755276968634,0.0702075988348333,1.0255300166208972,2.0,2.0,2.0,2.0,2.0,2.0,7.0,3.0,2113.538653224476,2.0,5.2299000413931935,2.0,2.0,2417.6593142319493,2.0,3.049176792333128,2.0,8.097692108142908,2.0,8.07736108874334,8.053932025877467,6,0.0039104947183891,1.3653726032851455e-06,8.109462965337892,8.077210641657205,8.053809327773829,0.023401313883375963,8.078450148616287,0.031012816721604608
2020-12-13 22:08:00,37.2100543619702,20.7195,31.459722222222226,-24.694722222222225,2.0,0.0082877306220717,0.2617947849442666,0.5289522191145799,0.0507014108644389,0.0087752441880759,0.0419261666763629,1.02561248520348,2.0,2.0,2.0,2.0,2.0,2.0,8.0,3.0,2119.04909145484,2.0,12.465180499421422,2.0,2.0,2420.8012101181266,2.0,1.8337118882132013,2.0,8.099038715594052,2.0,8.069552858988768,8.053097992908729,7,0.0040145087513045,1.310048332909092e-06,8.110182475333612,8.069402564449062,8.05297530410254,0.016427260346521422,8.077616124945,0.03256635038861333
2020-12-14 07:28:00,37.13104193129576,20.6698,31.281944444444445,-24.99805555555556,2.0,0.0043878788028104,0.2193939401405233,0.5309333351400667,0.0638680136853523,0.012188552230029,0.0516794614553232,1.0255524826979534,3.0,2.0,2.0,2.0,2.0,2.0,9.0,3.0,2110.966834673557,2.0,3.123898435632782,2.0,2.0,2421.8062094630595,2.0,4.205456110219075,2.0,8.095785647733528,2.0,8.086062618883105,8.050610358312547,8,0.0037953488422078,1.296517861231662e-06,8.111408211095588,8.085918554234878,8.050487568770988,0.0354309854638899,8.075128389613447,0.03627982148214137
2020-12-15 21:43:00,37.075313461523606,21.433,31.22361111111111,-28.44,2.0,0.0078009953310314,0.1950248832757859,0.4924378302713595,0.0697213957710934,0.0082885575392208,0.0614328382318725,1.0255101638347282,2.0,2.0,2.0,2.0,2.0,2.0,10.0,3.0,2118.464381175193,2.0,0.2462195507318938,2.0,2.0,2430.32727197812,2.5,3.240123693060013,2.0,8.098194937747959,2.0,8.07556163069578,8.041545272169964,9,0.0037882198255119,1.0051087779495456e-06,8.110866424284765,8.075414587198315,8.041422602658741,0.03399198453957375,8.0660634235012,0.04480300078356514
2020-12-16 11:10:00,36.95593622648536,20.5804,31.034444444444443,-29.532222222222224,2.0,0.0107273167963214,0.2613564455831051,0.543192314141006,0.0433968724942096,0.0121901327230925,0.0312067397711169,1.0254195162551762,2.0,2.0,2.0,2.0,2.0,2.0,11.0,3.0,2109.8158465044376,2.0,4.161231338385733,2.0,2.0,2411.730562443499,2.0,2.318709324577867,2.0,8.099853023256765,2.0,8.076274033095277,8.05617362172147,10,0.0039450669478556,1.3512562280454883e-06,8.121848009814151,8.076118334812325,8.056051006200681,0.02006732861164373,8.08069182704314,0.04115618277101163
2020-12-17 13:49:00,36.96692508668649,20.472,31.445,-29.67083333333333,2.0,0.0048760134124093,0.2135693874635325,0.553427522308469,0.0741154038686231,0.0126776348722644,0.0614377689963586,1.025427860242352,3.0,2.0,2.0,2.0,2.0,2.0,12.0,3.0,2102.672388053812,3.0,3.2606228240488235,2.0,2.0,2410.3951315791765,2.0,2.1873751121852365,2.0,8.09855670280443,2.0,8.087603654842416,8.056501521859927,11,0.0038585522864766,1.4001644405818014e-06,8.111668970835948,8.08745709047826,8.056378787739627,0.031078302738633212,8.081019608582086,0.030649362253862833
2020-12-17 20:52:00,36.98362391430306,20.3899,31.48972222222222,-30.479444444444443,2.0,0.0078015249915041,0.1682203826293078,0.5612222040763286,0.0716765108594442,0.0131650734231632,0.0585114374362809,1.0254405399857085,2.0,2.0,2.0,2.0,2.0,2.0,13.0,3.0,2106.53855051102,3.0,1.772971308918386,2.0,2.0,2410.5641950837103,3.0,,1.0,8.094336145746055,3.0,8.082524116924654,8.053482843475674,12,0.0039840810140257,1.4819841883530933e-06,8.119632163874815,8.082372199528317,8.053360125971745,0.029012073556572204,8.078000946814203,0.0416312170606119
2020-12-18 22:32:00,37.33140678730589,21.7027,31.236944444444447,-33.95166666666666,2.0,0.0068245766702053,0.1852385096198598,0.5176928874112925,0.0516717947886977,0.0155990323890407,0.0360727623996569,1.0257046463497872,2.0,2.0,2.0,2.0,2.0,2.0,15.0,3.0,2115.8325179517683,3.0,2.940248356538177,2.0,3.0,2442.39470477665,3.0,,1.0,8.106362397117167,3.0,8.090226941008439,8.045568801891143,14,0.0036335508087554,8.94102858875482e-07,8.13347771575062,8.090080190344052,8.045446169854516,0.044634020489535686,8.070086990696975,0.06339072505364562
2020-12-19 10:42:00,37.22152318008652,21.3263,31.459444444444447,-34.10972222222222,2.0,0.0087751696674772,0.1569780351626487,0.5240726329187806,0.4182830874830826,0.0170628299089835,0.4012202575740989,1.0256211949218503,2.0,2.0,2.0,2.0,2.0,2.0,16.0,3.0,2107.2151496074566,3.0,1.8572060855281047,2.0,2.0,2424.548698441626,3.0,,1.0,8.1069548874453,3.0,8.085147763579318,8.051887202209056,15,0.0037170876885837,1.0373374778149508e-06,8.159611544538127,8.084997034658615,8.051764568150672,0.033232466507943315,8.07640538899313,0.08320615554499611
2020-12-19 16:22:00,37.18510794182495,21.3548,31.42833333333333,-34.09222222222222,2.0,0.0078003611416304,0.291538497668437,0.5279869447741092,0.1438191585488108,0.0165757674259646,0.1272433911228462,1.0255935404457246,3.0,2.0,2.0,2.0,2.0,2.0,17.0,3.0,2110.859047160642,2.0,1.851063315987176,2.0,2.0,2407.94366399722,3.0,,1.0,8.110429367323688,3.0,8.054303078517428,8.05497957039809,16,0.0038246272164935,1.0322700186516071e-06,8.164589586161386,8.054153686070578,8.054856990223007,0.0007033041524291406,8.079497811065465,0.08509177509592014
2020-12-19 16:52:00,37.18476642074929,21.3546,31.48111111111111,-34.14444444444444,2.0,0.0068253177249342,0.2939761848668125,0.5255494648199401,0.3427284543306288,0.039001815571053,0.3037266387595757,1.0255932810904265,2.0,2.0,2.0,3.0,2.0,2.0,18.0,3.0,2122.663776500069,3.0,,1.0,3.0,2423.682991141829,2.0,0.4260487395349628,2.0,8.107963889834865,2.0,8.05859978664632,8.052505224117153,17,0.0039643171065185,1.047724391091471e-06,8.164623109245065,8.058452453150514,8.052382660035368,0.006069793115145217,8.077023480877827,0.08759962836723822
2020-12-19 17:22:00,37.183573100028376,21.3566,31.53388888888889,-34.19694444444444,2.0,0.0063378006304248,0.3661298671883875,0.5275000217015118,0.4694847697768538,0.0438770812875564,0.4256076884892973,1.0255923748684266,3.0,2.0,2.0,3.0,2.0,2.0,19.0,3.0,2114.2493000137765,2.0,1.775843453638572,2.0,2.0,2424.7025352910914,2.0,2.713959363144113,2.0,8.110477378440645,2.0,8.07395974848142,8.055003328406833,18,0.0039022175070919,1.0450833757190866e-06,8.162713675410934,8.07381296545529,8.05488074784191,0.018932217613379265,8.079521568684369,0.08319210672656574
2020-12-19 17:52:00,37.18272655455316,21.3663,31.564444444444444,-34.223055555555554,2.0,0.0058502811721636,0.1842838569231574,0.5240876883396672,0.1872089975092392,0.019013413809532,0.1681955836997071,1.0255917319920709,3.0,2.0,2.0,2.0,2.0,2.0,20.0,3.0,2110.694369064972,2.0,1.9570265154134177,2.0,2.0,2424.699646100368,2.0,1.773218192398872,2.0,8.10775959878396,2.0,8.079600599530036,8.052118290397923,19,0.0039035463094005,1.0405465894464464e-06,8.163687848065852,8.079454765733242,8.051995659305275,0.027459106427967228,8.076636480147734,0.08705136791811796
2020-12-19 22:01:00,37.05892667722999,21.3946,32.05166666666667,-34.35416666666667,2.0,0.004875681243072,0.0775233317648468,0.5582655023317589,0.041443290566113,0.0029254087458432,0.0385178818202698,1.0254977203656443,2.0,2.0,2.0,2.0,2.0,2.0,21.0,3.0,2099.2152792877423,2.0,0.7246867213912083,2.0,2.0,2415.756739579154,2.5,2.0891371622128645,2.0,8.113822210358052,2.0,8.086078627676539,8.057863990250496,20,0.0038441410100904,1.040798873379022e-06,8.176286267451996,8.085932004950017,8.057741422122877,0.02819058282713982,8.082382242965336,0.09390402448666002
2020-12-20 09:04:00,37.03465144704223,21.8675,33.45194444444444,-34.61944444444445,2.0,0.0082888071053345,0.3476423215355022,0.591430765810048,0.1843040638715566,0.0497328426320072,0.1345712212395492,1.0254792869446223,2.0,3.0,3.0,3.0,3.0,2.0,22.0,3.0,2100.347572218533,2.0,1.3264187086006132,2.0,2.0,2416.8848795336094,3.0,,1.0,8.12181961898629,3.0,8.079054653291466,8.058811708454765,21,0.003840560542168,8.734619612850319e-07,8.178491772238846,8.07890048614333,8.058689314303175,0.020211171840154307,8.083330135145633,0.0951616370932129
2020-12-20 16:50:00,37.07369539916185,21.8565,33.45111111111111,-34.61805555555556,2.0,-0.0024378139617717,0.1696718517393148,0.5928763555028931,0.1823484843405279,0.009751255847087,0.1725972284934408,1.0255089351375442,2.0,2.0,2.0,2.0,2.0,2.0,23.0,3.0,2098.916286400545,3.0,,1.0,3.0,2417.0262637440574,2.0,1.4486158808281289,2.0,8.119142824182815,2.0,8.08127023772159,8.05625984291654,22,0.0038645370234365,8.591277765980286e-07,8.182356863692943,8.081133704787588,8.056137305003155,0.02499639978443291,8.080778125845614,0.10157873784732985
2020-12-20 22:08:00,36.92718182577747,21.6118,33.34166666666667,-34.54694444444445,2.0,0.0073142353693575,0.1433590132394082,0.5651465862056947,0.2589239320752579,0.007801851060648,0.2511220810146098,1.0253976829103255,2.0,2.0,2.0,2.0,2.0,2.0,24.0,3.0,2097.7401550705554,3.0,2.1299032618039746,2.0,3.0,2413.3641038977657,3.0,,1.0,8.118475167700526,3.0,8.083241750679752,8.059355139043051,23,0.0038735014687775,9.491121217516e-07,8.107924370912912,8.08309061218304,8.059232685205325,0.023857926977715493,8.083873506047784,0.024050864865127863
2020-12-21 09:25:00,37.09833023419182,21.6728,33.31944444444444,-34.776666666666664,2.0,0.0097510779719028,0.3130096028980855,0.5831144627197978,0.2813185994894007,0.0141390630592592,0.2671795364301415,1.0255276420529378,2.0,3.0,3.0,3.0,3.0,2.0,25.0,3.0,2103.659983851845,2.0,6.237514754597669,2.0,2.0,2422.346900548238,2.0,2.36316800725308,2.0,8.120050180009054,2.0,8.083881973352389,8.059922165327258,24,0.0037532465469503,9.175802675129268e-07,8.117152939984967,8.083725965286908,8.059799754275927,0.02392621101098058,8.084440575118386,0.03271236486658147
2020-12-21 11:31:00,37.08902862087022,21.6387,33.20638888888889,-34.48083333333334,2.0,0.0151142749569209,0.1053123674417719,0.5772677919030464,0.0838598481480776,0.0078009161067978,0.0760589320412797,1.02552057867006,3.0,2.0,2.0,2.0,2.0,2.0,26.0,3.0,2098.995895293805,3.0,0.5637634804716072,2.0,2.0,2421.069587878052,2.0,0.8025447479808463,2.0,8.12086447060924,2.0,8.090130500750885,8.061258472310097,25,0.0038165805733826,9.500788564441316e-07,8.1129725299532,8.089965948919492,8.061136098649246,0.028829850270245316,8.085776919491705,0.027195610461495434
2020-12-21 21:40:00,37.09317450294895,21.807,33.30083333333333,-33.96583333333333,2.0,0.0058506691190403,0.0784964773471251,0.5840918003841985,0.4943815405589126,0.00146266727976,0.4929188732791525,1.0255237269312725,2.0,2.0,2.0,2.0,2.0,2.0,27.0,3.0,2103.2109385829435,3.0,3.7068697268719006,2.0,2.0,2420.3288036915164,2.0,7.023872328022662,2.0,8.118389576376991,2.0,8.079692833112036,8.056235757145606,26,0.0038701301170413,8.909605693053397e-07,8.123631832858697,8.079543239684025,8.056113296720087,0.02342994296393819,8.080754117562545,0.04287771529615192
2020-12-22 10:47:00,36.99272533708696,21.6066,33.60805555555556,-33.83305555555556,2.0,0.0029255521551063,0.1501783439621289,0.5846228389954303,0.1116585739198945,0.0068262883619149,0.1048322855579795,1.0254474509243146,2.0,2.0,2.0,3.0,2.0,2.0,28.0,3.0,2096.23672027816,2.0,1.583211170902814,2.0,2.0,2409.1210241159724,2.0,0.9157809005318996,2.0,8.118208696523963,2.0,8.078717783918728,8.059124493931039,27,0.0038187039249464,9.445273397102932e-07,8.127554878673099,8.078572787320084,8.05900198688855,0.019570800431534252,8.083642807731009,0.04391207094209015
2020-12-22 21:17:00,37.11288736485569,21.6684,33.20027777777778,-34.00055555555556,2.0,0.0082883269347133,0.1350509741715063,0.5655564261333839,0.0346159536685088,0.0009750972864368,0.0336408563820719,1.0255386964044677,2.0,2.0,2.0,2.0,2.0,2.0,29.0,3.0,2101.751492130346,2.0,5.493240280855389,2.0,2.0,2421.0752940968,2.0,0.0777809923074528,2.0,8.119111247904774,2.0,8.084988155999579,8.059033962771563,28,0.0037811347898666,9.357546272037656e-07,8.128662573463592,8.084835613437255,8.058911499061217,0.025924114376037366,8.083552319903676,0.04511025355991549
2020-12-23 11:33:00,36.931350688881714,20.7994,33.09777777777778,-30.92083333333333,2.0,0.0024380709301012,0.1467718699920951,0.5358879904362546,0.0794811123213006,0.0112151262784656,0.0682659860428349,1.025400848324039,3.0,2.0,2.0,2.0,2.0,2.0,30.0,3.0,2115.6487377483672,3.0,2.1449100653494497,2.0,2.0,2417.7882951682595,2.0,3.025170132483254,2.0,8.101708401651212,2.0,8.072727836296682,8.054740705533634,29,0.0039324516576447,1.246750722364416e-06,8.129797912837558,8.07258686025478,8.05461803553063,0.017968824724150068,8.07925885637309,0.05053905646446921
2020-12-23 21:52:00,36.81218747207803,20.6626,33.28972222222222,-29.28555555555556,2.0,0.0146297164513929,0.1336180769227223,0.5617811117334893,0.1111858450305864,0.0146297164513929,0.0965561285791934,1.0253103708357787,2.0,2.0,2.0,2.0,2.0,2.0,31.0,3.0,2113.412876588836,3.0,2.3044573410279554,2.0,2.0,2419.555141192669,2.0,1.9520063391573783,2.0,8.09718363213208,2.0,8.08259832449459,8.052324234057131,30,0.0038055585614779,1.2950370455803653e-06,8.131422109760585,8.082434967860005,8.052201721119605,0.030233246740399622,8.076842541962064,0.05457956779852147
2020-12-24 10:19:00,36.7824250374421,20.2268,33.80916666666666,-29.02166666666667,2.0,0.0165807107344815,1.4522751931554716,0.5676455086746033,0.1731221267864984,0.0238957301761645,0.1492263966103338,1.0252877739822392,2.0,2.0,2.0,2.0,2.0,2.0,32.0,3.0,2113.4415687591368,3.0,0.7426201125335865,2.0,2.0,2408.8170402074543,2.0,2.947186593184597,2.0,8.08957436025376,2.0,8.07320635381225,8.051287127143368,31,0.0038832971947681,1.444452076614335e-06,8.136029934817376,8.073038823785426,8.05116456920828,0.021874254577145535,8.07580539005074,0.06022454476663697
2020-12-24 23:05:00,36.99605869379805,19.7057,33.54527777777778,-26.968611111111112,2.0,0.0151153154922706,0.3895850670427191,0.6051002105131595,0.264761816525903,0.0487590822331313,0.2160027342927716,1.0254499820348444,2.0,2.0,2.0,2.0,2.0,2.0,33.0,3.0,2105.9439152113264,2.0,3.683722475313516,2.0,2.0,2401.8951266705176,2.5,3.3423779409631607,2.0,8.083846677357435,2.0,8.080610337663986,8.053317278000572,32,0.0040612620974927,1.7611765776095152e-06,8.13654276896189,8.080442909936858,8.05319460028884,0.02724830964801761,8.077835421131299,0.05870734783059106
2020-12-25 11:15:00,36.810363222337806,19.5135,33.507777777777775,-25.29138888888889,2.0,0.0097531574761287,0.2501684892627023,0.5949426060438535,0.1311799680539316,0.0434015507687728,0.0877784172851586,1.0253089857797757,2.0,2.0,2.0,2.0,2.0,3.0,34.0,3.0,2112.599199387433,2.0,8.469087706067512,2.0,2.0,2402.045425911403,2.0,1.6174689585182025,2.0,8.08427623165909,2.0,8.074709276953353,8.056815975675804,33,0.0040989125202235,1.81947450805396e-06,8.142821358699395,8.074551579211626,8.05669327227961,0.017858306932016177,8.081334093122068,0.061487265577326866
2020-12-25 21:39:00,36.72956698782549,19.5607,33.73027777777777,-24.217777777777776,2.0,0.0107291151318819,0.1765427126246034,0.5437710623658365,0.0824191116949115,0.0229212914181114,0.0594978202767999,1.025247642959211,2.0,2.0,2.0,2.0,2.0,2.0,35.0,3.0,2114.340891718508,2.0,8.992906430749372,2.0,2.0,2401.38431387501,2.0,1.3132072865905684,2.0,8.079274386785055,2.0,8.070926044946235,8.051087063440283,34,0.0041462244093028,1.8567232908415168e-06,8.141492621327663,8.07076965395628,8.050964269192868,0.019805384763412093,8.075605090035326,0.06588753129233638
2020-12-26 10:55:00,28.88564595127166,19.0308,34.173611111111114,-22.774444444444445,3.0,0.0117727231053124,0.3271835963018092,0.5832403238423556,0.1456874484282418,0.0397329404804295,0.1059545079478122,1.0193053801278111,3.0,3.0,3.0,3.0,3.0,3.0,36.0,3.0,2129.383403882108,2.0,4.024512757711818,2.0,2.0,2407.72953318742,2.0,5.2203179255707255,2.0,8.059309389621113,2.0,8.16571929223535,8.048781865064155,35,0.0043267722123054,1.7214336612652318e-06,8.143267487331338,8.165552327037481,8.048661763400686,0.11689056363679562,8.073302584243145,0.06996490308819325
2020-12-28 15:16:00,36.57662897052267,18.2134,35.42527777777778,-20.92277777777777,2.0,0.0078038765952006,0.23118984413282,0.5979720441072518,0.1224233140872105,0.023899372072802,0.0985239420144084,1.0251315358984454,2.0,2.0,2.0,2.0,2.0,2.0,38.0,3.0,2120.88493100657,3.0,,1.0,3.0,2394.0596972958583,2.0,3.518903879862137,2.0,8.06516624720919,2.0,8.070412476499502,8.057682720031323,37,0.0041174973977148,2.433720113105179e-06,8.079511610126215,8.070257463729147,8.057559832913022,0.012697630816125738,8.08220065375548,0.002689043629265697
2020-12-28 21:39:00,36.5334071291377,17.7627,35.63583333333333,-20.46,2.0,0.0156082527605281,0.1399865169459874,0.6340852683964586,0.2111991701658973,0.0175592843555942,0.1936398858103031,1.0250987247248122,2.0,2.0,2.0,2.0,2.0,2.0,39.0,3.0,2122.711718620629,2.0,0.571511995543915,2.0,2.0,2389.894908288765,2.0,5.027135252783864,2.0,8.057273268235452,2.0,8.067837258481537,8.056714430352102,38,0.0042448603707523,2.597758487960051e-06,8.091303760501278,8.06766566344326,8.056591699953447,0.011073963489812044,8.081232520795906,0.010071239705371937
2020-12-29 10:58:00,36.27206274636493,16.297,37.18194444444445,-18.83638888888889,2.0,0.040003889285412,0.1707483079255391,0.714703631745471,0.6947016871027651,0.0741535508705198,0.6205481362322453,1.0249003467508149,2.0,2.0,2.0,2.0,2.0,2.0,40.0,3.0,2121.621505422678,2.0,20.00721151715516,2.0,2.0,2374.1837455708164,2.0,2.135546635719038,2.0,8.032000032430819,2.0,8.069396685706018,8.054182213541818,39,0.0043635756703561,3.366919279119699e-06,8.094232322220774,8.069172850806511,8.054060064011969,0.015112786794542643,8.078700884854427,0.015531437366346879
2020-12-29 22:44:00,36.25519013462464,16.4601,38.61305555555556,-17.31388888888889,2.0,0.0273200706401027,0.1346489195833637,0.6210437486580508,0.2663706887410021,0.0263443538315275,0.2400263349094744,1.0248875403308495,2.0,2.0,2.0,2.0,2.0,2.0,41.0,3.0,2117.43587727706,2.0,5.833148645227993,2.0,2.0,2374.6071458882743,2.0,0.8782775330610093,2.0,8.036700459076204,2.0,8.075511796881722,8.056402905548053,40,0.0043531941735485,3.385749750931332e-06,8.098098254329257,8.075317714182537,8.05628023191605,0.01903748226648716,8.080921052758509,0.01717720157074787
2020-12-30 12:04:00,36.10846000000001,15.7643,40.22916666666666,-15.524444444444445,2.0,0.04098455932576,0.1766239342372041,0.6186716812507593,0.4757136350311437,0.0741625359228038,0.4015510991083397,1.024776176466089,2.0,2.0,2.0,2.0,2.0,2.0,42.0,3.0,2114.767677548083,3.0,,1.0,3.0,2364.8530110513093,2.0,0.5946210836182217,2.0,8.022429032046658,2.0,8.076449129785958,8.052961781356725,41,0.0044136187958539,3.7697443503968377e-06,8.09630285902537,8.076227899547224,8.052839321625928,0.02338857792129545,8.077480142468387,0.018822716556982755
2020-12-30 19:26:00,36.12216000000001,15.2404,41.10722222222223,-14.548333333333334,2.0,0.1112426752028916,0.1658881998639613,0.8850623369212525,1.795495810292287,0.1039240781500698,1.6915717321422172,1.0247865739661448,2.0,2.0,2.0,2.0,2.0,2.0,43.0,3.0,2116.744575874196,2.0,10.04209732612344,2.0,2.0,2363.350085384699,2.5,3.2583559097029138,2.0,8.012424355346154,2.0,8.078278030178229,8.051070163689865,42,0.0045284066625128,4.157162133541457e-06,8.094208776429333,8.077905618928543,8.050950379076635,0.026955239851908175,8.075591199919094,0.01861757651023943
2020-12-30 19:48:00,36.09886,15.126,41.38611111111111,-14.461388888888887,2.0,0.1127083394616668,0.1629635730744448,0.8728797372161133,1.7579573466683378,0.1146599990194447,1.643297347648893,1.0247688906754102,2.0,2.0,2.0,2.0,2.0,2.0,44.0,3.0,2123.615218410001,2.0,6.858513986005619,2.0,2.0,2363.291842746862,2.0,1.11438451631102,2.0,8.012127105163923,2.0,8.067146874289097,8.052623354488233,43,0.004532345751369,4.189017143203415e-06,8.095732632999283,8.066769350512395,8.052503630743116,0.014265719769278817,8.077144451585575,0.018588181413708327
2020-12-30 20:01:00,36.09996,15.1109,41.33611111111111,-14.476944444444444,2.0,0.0927037534733168,0.1824800199948447,0.8684877956973894,1.4017783354149436,0.1034378722965429,1.2983404631184008,1.0247697255035535,2.0,2.0,2.0,2.0,2.0,2.0,45.0,3.0,2117.14672143074,3.0,1.0255791666231744,2.0,2.0,2363.882989845029,2.0,0.2493398881324537,2.0,8.010881449210522,2.0,8.080795747390656,8.051576615929303,44,0.0044439723930546,4.261598572356753e-06,8.094958543905664,8.080459960683658,8.051456284208232,0.029003676475426232,8.07609710505069,0.018861438854973045
2020-12-30 20:14:00,36.09116,15.085,41.28694444444445,-14.224166666666669,2.0,0.0873372632545066,0.1780899502117035,0.8709330441860026,1.25590008724637,0.098559369706203,1.1573407175401669,1.0247630468931794,2.0,2.0,2.0,2.0,2.0,2.0,46.0,3.0,2123.6198763014963,2.0,5.861279743554405,2.0,2.0,2361.803421819394,2.0,1.306944722051412,2.0,8.01452280010609,2.0,8.06520955163089,8.05573461241447,45,0.0044981805262743,4.253216195925632e-06,8.100112064669988,8.064881195068567,8.05561421826037,0.009266976808197214,8.080255039102829,0.01985702556715907
2020-12-30 20:30:00,36.080560000000006,15.0484,41.34361111111111,-14.38472222222222,2.0,0.0966084574193843,0.1697966827370998,0.8382491406389009,1.4686437213754902,0.1151494744998723,1.3534942468756177,1.0247550022482377,2.0,2.0,2.0,2.0,2.0,2.0,47.0,3.0,2119.801825832999,2.0,0.960047851008312,2.0,2.0,2360.778214882728,2.0,1.551240086089365,2.0,8.01004090041242,2.0,8.07144645651778,8.051735217221545,46,0.0045827313041797,4.279515219238695e-06,8.097121799712168,8.071102624087663,8.051614918800313,0.01948770528735011,8.076255739642772,0.020866060069396397
2020-12-30 20:47:00,36.00786000000001,14.872,41.445277777777775,-14.2275,2.0,0.0746560093030768,0.3152142615018805,0.8260955800660739,1.1227678261854908,0.1034449279232177,1.019322898262273,1.0246998294462415,2.0,2.0,2.0,2.0,2.0,2.0,48.0,3.0,2122.857264925846,3.0,2.644082834049186,2.0,2.0,2359.46043171371,2.0,0.8548916376507805,2.0,8.008969731460754,2.0,8.066868207453584,8.053522405388371,47,0.0046321215160568,4.450760100432967e-06,8.094470836118257,8.066566476962777,8.053401497620252,0.01316497934252503,8.07804231846271,0.016428517655546315
2020-12-30 21:05:00,35.954260000000005,14.7409,41.57111111111111,-14.3125,2.0,0.1034490344008461,0.1610291573220718,0.7534212694099364,1.4707329702082568,0.1727403687636771,1.2979926014445793,1.0246591533108882,2.0,2.0,2.0,2.0,2.0,2.0,49.0,3.0,2113.262694201624,2.0,3.5042157723632954,2.0,2.0,2355.9270091106087,2.0,1.0486420614843155,2.0,8.004998109434354,2.0,8.081797914472904,8.051577553364126,48,0.0044899938321223,4.487531288916363e-06,8.09594447096968,8.081445472093131,8.05145720899363,0.029988263099500756,8.07609802983609,0.01984644113359124
2020-12-30 21:23:00,35.89276,14.6945,41.43638888888889,-14.126111111111111,2.0,0.1151654912426087,0.1542046408163744,0.7754151084089211,1.6289085159653736,0.199587652195877,1.4293208637694963,1.0246124835383197,2.0,2.0,2.0,2.0,2.0,2.0,50.0,3.0,2129.317459546596,3.0,,1.0,3.0,2352.2988662193043,2.0,1.2016831537857795,2.0,7.997815678951754,2.0,8.045098956817977,8.045045791753305,49,0.0047559863135029,4.560323290895669e-06,8.089981819085931,8.044712917021691,8.044925809946754,0.00021289292506310176,8.069566630789213,0.02041518829671851
2020-12-30 21:36:00,35.91196000000001,14.7241,41.63722222222222,-14.150833333333331,2.0,0.0824690307722633,0.3167005974627156,0.7690603106336517,1.205316603594619,0.1473706940427428,1.0579459095518762,1.024627053437127,2.0,2.0,2.0,2.0,2.0,2.0,51.0,3.0,2113.9791736584384,3.0,3.191284835742408,2.0,2.0,2353.7983622107754,2.0,1.6652747201496825,2.0,8.000558058598708,2.0,8.077385689613356,8.047333478194654,50,0.0046897808172818,4.479011421904963e-06,8.093619531855479,8.077072190781248,8.047212517199789,0.029859673581459134,8.071853338042247,0.021766193813231638
