bottle,station,niskin,latitude,longitude,depth,pressure,salinity,temperature,oxygen,fluorescence,turbidity,phosphate,nitrite,silicate,nitrate,density
40003,1,3,-33.6075221344634,-71.7290055034284,98,98.7247272727273,34.5753545454545,11.4848,6.75627272727273,0.0662,0.868578522727276,2.988433662975324,0.253025275812556,26.592077249489478,24.88830859691381,1.0236131515646292
40015,1,15,-33.6075221344634,-71.7290055034284,6,6.043,34.30955,14.29268125,185.835625,0.97228125,0.1312288125,1.424646722868285,0.4055064403225915,3.537188708356099,12.23261476240608,1.0234116125747748
40027,2,3,-33.0902166232381,-71.8252687732148,156,157.169,34.6502,11.1202,4.988,0.0515,0.08351025,2.815360676094781,0.04102885093545482,26.942278780948666,24.422911958031094,1.023669906478077
40037,2,13,-33.0902166232381,-71.8252687732148,6,6.043,34.234675,14.721125,262.8205,8.251125,0.34366375,1.1139830962753523,0.4240953191083359,2.2621674279626673,12.03297179608306,1.0233548460579305
40041,3,3,-32.967338798508,-71.8638945573275,822,829.49,34.3691923076923,4.93984615384616,113.055384615385,0.0306384615384416,0.0504410769230769,2.580470340451595,0.006839565461249968,40.000710059730345,36.87014324003822,1.0234568321129442
40042,3,4,-32.967338798508,-71.8638945573275,598,603.12171875,34.366259375,6.42835625,110.5030625,0.0421468749999992,0.0390354375000001,2.4309822630174955,0.005862497418852482,23.342510556064298,34.83691382862772,1.0234546083901617
40047,3,9,-32.967338798508,-71.8638945573275,298,300.333227272727,34.6211454545455,9.92272272727273,5.17399999999998,0.0588,0.0342946818181818,2.8124905764158044,0.018561070146544036,27.628641362345185,30.63553472608532,1.0236478742869084
40050,3,12,-32.967338798508,-71.8638945573275,101,101.742,34.6606153846154,11.6402153846154,3.8823846153846,0.0588,0.0390860769230767,2.8006859063687344,0.03028296585191167,25.634042158710137,23.46832166536536,1.0236778045979622
40056,3,18,-32.967338798508,-71.8638945573275,6,6.043,34.2616868421053,15.9371921052632,291.752447368421,5.71142631578947,0.300063460526316,0.20031751306379228,0.11725903203734182,,0.49248793455683565,1.0233753248260253
40058,4,1,-32.8722816356258,-71.892441686624,1686,1704.88824137931,34.5795517241379,2.69725517241379,106.774655172413,0.0181965517242329,0.0420325000000001,2.712930526035431,0.00488464264680488,105.60499709539216,38.196928569484804,1.0236163342001234
40059,4,2,-32.8722816356258,-71.892441686624,1197,1208.99074509804,34.4860980392157,3.69170196078431,92.6602549019604,0.0588,0.0334248284313727,2.8059329836808082,0.0019539923284685296,77.14850210875872,39.60742449805709,1.0235454719351584
40060,4,3,-32.8722816356258,-71.892441686624,599,604.127,34.318,6.024,140.334,0.0515,0.03365675,2.2708218505428013,0.006839824851032534,20.42957971219832,32.68752296308448,1.0234180190949314
40063,4,6,-32.8722816356258,-71.892441686624,299,301.3395,34.50685,9.0865,24.2475,0.0515,0.038101,2.753132866594683,0.004884905724972823,23.912590504886964,33.60424346323305,1.0235612070134306
40065,4,8,-32.8722816356258,-71.892441686624,200,201.516210526316,34.5421842105263,10.2359157894737,18.8402105263158,0.0588,0.0409246184210526,2.728636914013293,0.022469978167671226,22.60968281453979,28.5026788279047,1.023587999435235
40066,4,9,-32.8722816356258,-71.892441686624,101,101.741,34.3513129032258,10.9910064516129,76.7742903225806,0.0442,0.0432637500000001,2.375314838260113,0.03126699910502822,13.991005005778097,25.787457511872024,1.0234432761682557
40070,4,13,-32.8722816356258,-71.892441686624,6,6.042,34.3394,18.4067,236.196,0.6962,0.16238525,0.42015400843756895,0.1485195564709546,,1.2477596948250596,1.0234342440264832
40098,5,3,-32.499406995814,-71.9985017320941,401,404.225921568627,34.3809529411765,7.36304705882353,83.8762156862746,0.0442,0.0387141176470588,2.498373787898944,,19.20044712788508,34.521917353948176,1.0234657489543864
40076,5,5,-32.4993707392465,-71.9984753673808,2425,2456.409,34.6534333333333,1.91619999999998,130.952000000018,0.0258499999994467,0.0470127916666672,2.54378266518193,,122.14552730658717,36.07013484223409,1.023672358351323
40104,5,9,-32.499406995814,-71.9985017320941,203,204.534,34.5272615384615,10.2654153846154,15.6332307692301,0.0662,0.0437443653846154,2.7667687666824854,,22.00616753867337,28.975845639490053,1.023576684146153
40106,5,11,-32.499406995814,-71.9985017320941,103,103.753806451613,34.0418193548387,11.0391967741935,174.223193548387,0.0397258064516125,0.0384009032258065,1.638961917410742,0.012705131142718928,4.679397531641403,20.43962405529413,1.0232086433401402
40085,5,14,-32.4993707392465,-71.9984753673808,1498,1514.053,34.5514,2.98961,101.2791,0.0445649999999917,0.033806875,2.762811497360949,,93.55067304253527,38.74286264174086,1.02359498746162
40086,5,15,-32.4993707392465,-71.9984753673808,900,908.336,34.4044666666667,4.5306,98.7896666666667,0.0515,0.03144325,2.7171906440296962,,50.00275641478164,38.97375677802968,1.0234835770947865
40091,5,20,-32.4993707392465,-71.9984753673808,601,606.128,34.28605,5.60155,162.116,0.02225,0.03579375,2.1633900939416715,,18.57056401777844,31.364270657335037,1.023393795783782
40118,5,23,-32.499406995814,-71.9985017320941,7,7.05,34.3671,19.3678,213.272,0.7109,0.13106725,0.4289391273585924,,0.10161655864531574,,1.023455245743988
40120,6,1,-32.4999808799747,-72.7999016757363,5434,5543.035,34.6821,1.8337,151.709,0.0369,0.0569415,2.4128301684193874,,125.04126027463775,33.86851610091845,1.0236940968033668
40126,6,7,-32.4999808799747,-72.7999016757363,3991,4057.57824074074,34.6788518518519,1.74574814814815,146.555499999999,0.0369,0.0268918888888889,2.4694936608701155,,123.81853659122187,34.29548395800158,1.0236916336562978
40130,6,11,-32.4999808799747,-72.7999016757363,1997,2020.81,34.6207818181818,2.24903939393939,119.599151515152,0.0397757575757484,0.0308178181818182,2.669864125009793,,114.90282414330474,36.790981636294845,1.0236475985421076
40131,6,12,-32.4999808799747,-72.7999016757363,1498,1514.05317307692,34.5568307692308,2.92354423076923,102.349961538461,0.0442,0.0321375000000001,2.7842931718341055,,96.36292125971953,38.3333668338339,1.023599105450024
40133,6,14,-32.4999808799747,-72.7999016757363,701,707.152303030303,34.3032060606061,4.96070303030304,150.357090909092,0.0346575757575788,0.0348507272727273,2.356834050104243,,28.450074710959843,33.362099905766655,1.0234068028223358
40136,6,17,-32.4999808799747,-72.7999016757363,402,405.234666666667,34.3615666666667,7.01293333333331,99.8219999999984,0.0417666666666897,0.0355274999999998,2.448578267567611,,19.090312127588184,33.62935627020832,1.0234510504291254
40138,6,19,-32.4999808799747,-72.7999016757363,202,203.526,34.4844,9.88111428571429,29.1974285714286,0.0588,0.037912,2.7140987583194236,,20.955617086822652,28.97285769545087,1.023544184412856
40139,6,20,-32.4999808799747,-72.7999016757363,103,103.753,34.1172666666667,10.9178666666667,148.849333333333,0.0539333333333333,0.04082575,1.8499591507685342,0.008795368387172112,6.325824396685009,22.042170441407443,1.0232658376340824
40143,6,24,-32.4999808799747,-72.7999016757363,7,7.05,34.35425,19.4368,215.9565,0.33725,0.152920625,0.4133097451186375,,,,1.023445503029649
40146,7,3,-32.5000046304722,-73.7999582997189,3793,3854.499,34.6803,1.6828,148.415,0.0369,0.02761875,2.4685141561042783,,123.94539499597272,33.96820053431503,1.0236927318205142
40149,7,6,-32.5000046304722,-73.7999582997189,2553,2586.85142424242,34.6551575757576,1.9031,134.80906060606,0.0369,0.029762,2.5496406589621845,,121.97832587048741,35.42535205233895,1.023673665865677
40152,7,9,-32.5000046304722,-73.7999582997189,1100,1110.725,34.4864142857143,3.56278571428569,97.1594285714284,0.0442,0.0324230000000001,2.829380228769489,,76.62383721751847,38.918633084610704,1.0235457117262334
40155,7,12,-32.5000046304722,-73.7999582997189,602,607.138,34.2646666666667,5.15496666666678,174.644333333333,0.0344333333333022,0.0339772500000001,2.1585385830224983,,20.970754427453976,31.10484389985159,1.0233775839701893
40158,7,15,-32.5000046304722,-73.7999582997189,253,254.943,34.5129,9.38269512195122,21.9215121951219,0.0662,0.039998237804878,2.8039233194498734,,23.0625135466668,31.529971180698876,1.0235657944323138
40159,7,16,-32.5000046304722,-73.7999582997189,203,204.534,34.5262368421053,9.99542631578947,21.1515789473684,0.0588,0.0412557631578947,2.776540538044294,,22.273873232537596,28.5674953810532,1.0235759071617279
40162,7,19,-32.5000046304722,-73.7999582997189,103,103.753,33.9813153846154,10.8227615384615,197.315230769231,0.0662,0.0354203846153847,1.2822984055936932,0.028343486099250845,1.8902173143431422,16.532071288580276,1.0231627788639066
40166,7,23,-32.5000046304722,-73.7999582997189,4,4.028,34.4365307692308,19.4068384615385,214.472846153846,1.92073076923077,0.107307480769231,0.4689753790700095,,,0.03321908935079235,1.0235078885204008
40194,8,3,-32.5000417805435,-76.6004735761691,401,404.225,34.3685625,7.152759375,91.0560937499998,0.0317968749999992,0.0369354375,2.4661530398049147,,19.33252933660065,34.756733728977984,1.023456354598197
40172,8,5,-32.5000773590288,-76.6003974638666,3824,3886.282,34.6817857142857,1.6411,151.289857142858,0.0494142857143535,0.028175,2.434321530186167,,123.16182123831139,34.1820942954552,1.023693858472928
40200,8,9,-32.5000417805435,-76.6004735761691,202,203.526368421053,34.4514842105263,10.3218789473684,37.5114736842105,0.0468894736842117,0.037239052631579,2.6135317545285712,0.004885106083230974,18.778347783939864,27.982864665963668,1.0235192265657076
40202,8,11,-32.5000417805435,-76.6004735761691,103,103.753,33.9858181818182,12.1076090909091,199.393363636364,0.0967818181818251,0.0406701590909091,1.0252488873110441,0.02150188324198567,0.9216489044178403,12.512141330177299,1.0231661921148227
40179,8,12,-32.5000773590288,-76.6003974638666,2495,2527.73494339623,34.6524169811321,1.91831132075472,134.530301886792,0.0290867924528113,0.02893025,2.5447614561687515,,121.53116439118698,35.346297032074446,1.0236715876394717
40184,8,17,-32.5000773590288,-76.6003974638666,1099,1109.712,34.483275,3.54995,98.0825,0.0442,0.032604,2.832317803345998,,76.1951131994312,38.8708506808982,1.0235433313928353
40185,8,18,-32.5000773590288,-76.6003974638666,801,808.225,34.3606,4.418,125.77,0.0442,0.0327557500000001,2.582440939995938,,43.61618657604188,36.469772260820434,1.0234503175140017
40190,8,23,-32.5000773590288,-76.6003974638666,601,606.128,34.2772,5.49115,166.1585,0.02955,0.032118,2.1809929305144635,,19.397352447868553,31.134846659938326,1.0233870861165537
40214,8,23,-32.5000417805435,-76.6004735761691,4,4.028,34.3216611111111,19.8116333333333,207.466388888889,0.1468,0.0584613611111112,0.36837242500848977,,,,1.0234207948418272
40216,9,1,-32.4999889847284,-79.0011219622693,3990,4056.552,34.682,1.66784285714286,150.330000000001,0.0076,0.0337993928571429,2.418691473504526,,123.88662764652304,34.568923208553386,1.0236940209709497
40219,9,4,-32.4999889847284,-79.0011219622693,2994,3036.858,34.6677,1.7943,140.496,0.0442,0.0263,2.458768549296302,,124.88824948483712,35.326359574176465,1.023683176979128
40222,9,7,-32.4999889847284,-79.0011219622693,1997,2020.80926923077,34.6206884615385,2.22558461538461,123.850884615386,0.0369,0.0268365769230771,2.5936662064098366,,114.44662036893847,36.85448260000659,1.023647527749942
40224,9,9,-32.4999889847284,-79.0011219622693,1298,1311.28,34.53178,3.17196000000001,101.0614,0.0471200000000166,0.0303123,2.74038150188844,,88.96714490890223,39.449770069966206,1.0235801103120243
40229,9,14,-32.4999889847284,-79.0011219622693,402,405.234,34.3283,7.1302,111.683,0.0515,0.03629,2.3225913733538515,,16.14674903015246,32.79084724374501,1.0234258282668043
40231,9,16,-32.4999889847284,-79.0011219622693,201,202.518,34.2691244444444,10.1807222222222,99.3587111111111,0.0442,0.035922,2.179051672113597,,11.211856002614985,25.792936294668394,1.0233809636267068
40232,9,17,-32.4999889847284,-79.0011219622693,103,103.753774193548,34.0081935483871,12.6874870967742,214.523419354839,0.1614,0.0416213951612904,0.8209673871133004,0.01759215829528501,0.4183024305767769,9.307229080333286,1.0231831534180942
40237,9,22,-32.4999889847284,-79.0011219622693,7,7.05,34.1574,19.8545,208.708,0.1321,0.0554822500000001,0.31466937954612084,,,,1.023296262459515
40240,10,3,-32.4981840501707,-81.9991781635443,3929,3993.968,34.6815,1.6582,151.386,0.0369,0.0327155,2.377664469712807,,122.94693925967702,34.781890348641824,1.0236936418089293
40243,10,6,-32.4981840501707,-81.9991781635443,2745,2782.65925,34.662575,1.83029999999999,138.894249999986,0.0423749999997925,0.0261547499999997,2.4705003053312486,,123.17041201988974,35.57071080190856,1.0236792906046241
40246,10,9,-32.4981840501707,-81.9991781635443,1199,1210.97847058824,34.4934588235294,3.32107647058823,104.345,0.0442,0.0291507352941176,2.732643370615865,,77.39135214871831,39.335605072483354,1.0235510531949257
40249,10,12,-32.4981840501707,-81.9991781635443,600,605.118,34.226175,5.4787375,206.306125,0.0322749999999934,0.030678,1.8840113458591898,,12.873426073832452,27.841935304056037,1.0233484019284127
40252,10,15,-32.4981840501707,-81.9991781635443,253,254.942136363636,34.43375,9.72896363636364,41.1464545454546,0.0451954545454543,0.0368076818181819,2.5256330255210173,0.003908136209703702,17.804491537357638,28.866471078923965,1.023505780087246
40253,10,16,-32.4981840501707,-81.9991781635443,202,203.526,34.14975,10.2398,133.415333333333,0.0246499999999977,0.0339343333333333,1.9065945306456804,0.003908958545660032,7.476860458211225,24.11534250781315,1.0232904629907238
40256,10,19,-32.4981840501707,-81.9991781635443,103,103.75352,34.08406,13.34386,220.50476,0.233215999999999,0.04106048,0.6772600270120479,0.6635780062643298,0.10163786841162047,6.998353612457828,1.023240664383212
40262,11,1,-32.5002160905329,-85.00041551584,3771,3831.945875,34.681975,1.665925,149.9865,-0.0125750000000519,0.0290268125,2.4274832079838795,,125.73190792064915,34.70763717491639,1.0236940020128462
40268,11,7,-32.5002160905329,-85.00041551584,2095,2120.47342307692,34.6271711538462,2.14215769230769,129.845673076923,0.0295,0.0270905048076923,2.613191632372407,,116.33929147321956,36.02785323435304,1.0236524435720313
40273,11,12,-32.5002160905329,-85.00041551584,1100,1110.7242,34.43876,3.525,115.443,0.04274,0.0310184500000001,2.716144584933165,,66.25536429427076,38.535057041132724,1.023509578768763
40276,11,15,-32.5002160905329,-85.00041551584,600,605.1178,34.23148,5.51856,204.0014,0.0339600000000111,0.0315612,1.9103878141048607,,12.332017500768972,28.00794656157213,1.0233524238197902
40280,11,19,-32.5002160905329,-85.00041551584,351,353.78,34.3114,8.1221,119.89,0.0442,0.0312010000000001,2.188754654052548,,12.470038792419025,28.374663570996404,1.0234130151831178
40283,11,22,-32.5002160905329,-85.00041551584,72,72.521,34.5379923076923,15.9313256410256,229.322102564103,0.7109,0.0733973910256411,0.2989493335206726,0.015631337700427326,,0.17682950773608413,1.0235848208667768
40290,12,5,-32.4978683971969,-87.9995611283354,3651,3708.96805555556,34.6810111111111,1.68511666666667,150.689444444444,0.0222,0.026505,2.3981792880470447,,127.32231781049438,34.09126638433963,1.0236932710728344
40315,12,6,-32.4979952141894,-87.9997532549822,552,556.643791666667,34.2314,5.74042916666667,209.605541666667,0.0338375000000029,0.0307037500000001,1.7921490837432135,,10.353227667535085,26.270521247193322,1.0233523631691253
40318,12,9,-32.4979952141894,-87.9997532549822,352,354.789,34.2668608695652,7.48284782608696,150.323826086956,0.0359347826086988,0.0329535760869565,1.9523553998973,,10.090101030700461,27.235260113081857,1.0233792475002763
40299,12,14,-32.4978683971969,-87.9995611283354,2596,2630.689,34.6626,1.8373,147.366,0.0369,0.02564,2.4216568380769785,,121.33975830095027,34.1747651566297,1.0236793095625214
40324,12,15,-32.4979952141894,-87.9997532549822,202,203.526184210526,34.1343026315789,12.0428026315789,202.455789473684,0.0601631578947374,0.029292552631579,0.8570489692432898,,0.576577983869488,11.078115296855112,1.0232787524081914
40326,12,17,-32.4979952141894,-87.9997532549822,103,103.753318181818,34.3424318181818,14.7984181818182,225.863636363636,0.552022727272727,0.0562957045454546,0.41331336370754274,0.29606134563448094,0.20909943223029348,2.6215597040835394,1.0234365426889789
40308,12,23,-32.4978683971969,-87.9995611283354,1099,1109.712,34.4429333333333,3.541,115.266,0.0344333333333333,0.0280083333333334,2.740561872787274,,66.75735154436224,37.8480876392276,1.0235127430811075
40309,12,24,-32.4978683971969,-87.9995611283354,799,806.20362745098,34.2632392156863,4.77912352941176,179.479039215686,0.0295,0.0309764705882353,2.129226141374751,,23.500637310721785,31.02377272258237,1.0233765017524685
40333,12,24,-32.4979952141894,-87.9997532549822,8,8.057,34.7786666666667,20.9448333333333,202.895333333333,0.0613,0.0533106666666666,0.19828724215155633,,0.15335515772312483,0.01367498221734871,1.0237673276268657
40334,13,1,-32.4999805918723,-90.9983099130321,3552,3607.56265217391,34.6818347826087,1.69197826086956,151.005043478261,0.0317869565217602,0.0265963478260869,2.3972009702799166,,122.07848510874142,33.893920972209564,1.0236938956826183
40339,13,6,-32.4999805918723,-90.9983099130321,2595,2629.66971428571,34.6669714285714,1.79101428571428,150.093000000001,0.0369,0.02521,2.444116897310443,,118.15087714340558,33.951929209800866,1.023682624490364
40340,13,7,-32.4999805918723,-90.9983099130321,2396,2426.868,34.6575,1.8601,147.53,0.0369,0.0254,2.4597639997051743,,116.64732305035552,34.377106796515015,1.0236754421569734
40344,13,11,-32.4999805918723,-90.9983099130321,1299,1312.293,34.5149,3.2119,107.829,0.0369,0.0268985,2.7540934239264727,,84.40969057602814,38.190942190390125,1.023567310937837
40349,13,16,-32.4999805918723,-90.9983099130321,401,404.225548387097,34.2680677419355,6.78729032258065,168.067935483871,0.0295,0.0313878951612903,1.9816682737606404,,10.547400072471575,27.682772285818018,1.0233801624887677
40351,13,18,-32.4999805918723,-90.9983099130321,202,203.5265,34.1461,11.75245,202.3805,0.0515,0.030114625,0.9743105521183443,0.00390896911582084,0.6322757544840208,12.455930087563107,1.0232876959326
40352,13,19,-32.4999805918723,-90.9983099130321,102,102.746,34.36186,14.6993333333333,223.4552,0.533053333333333,0.046607,0.4201470176597167,0.17880675402727478,,2.4182880667623228,1.023451272831034
40357,13,24,-32.4999805918723,-90.9983099130321,8,8.057,34.7807153846154,21.4486230769231,202.517692307692,0.3592,0.0586024038461538,0.21586903454071557,,,0.10549255986605105,1.023768881304357
40359,14,2,-32.499688305054,-94.0009067603155,3492,3546.12633333333,34.6789333333333,1.76566666666667,151.871,0.0369,0.025406,2.424558107721781,,119.80364844770935,33.93599865521944,1.0236916954455648
40372,14,15,-32.499688305054,-94.0009067603155,352,354.789,34.2484,8.09126666666677,169.467666666658,0.0270999999999072,0.0297245,1.7911493450850076,,7.493903070080154,24.082310752656852,1.0233652514961036
40377,14,20,-32.499688305054,-94.0009067603155,63,63.454,34.6742,17.6563,232.387,0.3372,0.0442007500000001,0.18071910663575003,,,0.05763474211626622,1.0236881060555394
40380,14,23,-32.499688305054,-94.0009067603155,8,8.056,35.1620931034483,22.2526413793103,196.616034482759,0.1175,0.0373720000000001,0.17577127080530439,,,0.04882535300147345,1.0240581363229695
40382,15,1,-32.5002419385214,-97.0008223566486,3794,3855.525,34.6798,1.7889,151.996,0.0369,0.0290015,2.4050194314780233,0.012699127786033427,118.87653520505891,34.183121432051365,1.0236923526588553
40388,15,7,-32.5002419385214,-97.0008223566486,2097,2122.507,34.6375888888889,2.02436666666664,143.766777777774,0.0425666666663366,0.02516875,2.4304936848521552,0.012699524880658368,110.92058096725803,34.69998640660507,1.0236603433723148
40393,15,12,-32.5002419385214,-97.0008223566486,1099,1109.712,34.3899692307692,3.49480769230769,140.780769230769,0.0222,0.0275807692307693,2.5560039791088585,0.015633051859993016,56.13438096626992,35.9413632918652,1.0234725850904423
40396,15,15,-32.5002419385214,-97.0008223566486,600,605.118552631579,34.2343789473684,5.67865789473684,220.097052631579,0.0076,0.0280599078947368,1.8009397339703785,0.017589210641056327,10.68544546444172,25.39491145220955,1.0233546216101828
40400,15,19,-32.5002419385214,-97.0008223566486,352,354.789,34.2523166666667,7.5643875,182.870291666664,0.036591666666674,0.0277357916666667,1.7921213133019245,0.0185661422861159,7.531990775862178,24.06074323742273,1.023368220882835
40403,15,22,-32.5002419385214,-97.0008223566486,72,72.521,34.3568263157895,15.8842,244.007210526316,0.7841,0.0743322105263157,0.2745622144595956,0.03810649951574458,,0.519811736984003,1.0234474563554767
40410,16,5,-32.5001707457923,-100.000312388282,3592,3648.529,34.6793777777778,1.781,151.645333333337,0.0287333333331683,0.0269506666666666,2.40697389627578,,120.47959355652479,34.35994311185239,1.0236920324779817
40435,16,6,-32.5001132276271,-100.000128709122,549,553.614,34.2546961538462,6.11144615384615,219.407653846154,0.0222,0.0274785384615385,1.701241933693765,,8.491552213554748,24.68706272994789,1.0233700248734827
40438,16,9,-32.5001132276271,-100.000128709122,351,353.78,34.232875,8.36003749999992,185.13091666667,0.0228083333333189,0.0285744791666667,1.6035514900765846,,5.066675488145698,21.93865600469799,1.023353481416195
40419,16,14,-32.5001707457923,-100.000312388282,2595,2629.67,34.66746,1.79594,150.044800000001,0.0412800000001328,0.02531875,2.41090260568552,,118.2983409840018,34.69628798571244,1.0236829949828044
40444,16,15,-32.5001132276271,-100.000128709122,200,201.51,34.4562461538462,14.0079538461538,204.101538461538,0.187330769230768,0.0322055,0.5539690756196806,0.05764404843308845,0.13092038118701446,5.3501493088066505,1.0235228372012333
40446,16,17,-32.5001132276271,-100.000128709122,101,101.738,34.9634666666667,17.4786,219.656,0.173633333333333,0.0463665,0.182633688593342,,,,1.0239074808174091
40428,16,23,-32.5001707457923,-100.000312388282,1099,1109.71225,34.39225,3.7695,132.1585,0.025875,0.0273820625,2.5696785577030314,,54.555350550534776,36.53144927526945,1.0234743143714007
40429,16,24,-32.5001707457923,-100.000312388282,800,807.215,34.2441,5.0589,198.9,0.0295,0.028253,1.9924523452539986,,17.884189712034665,28.866618308557317,1.0233619914959962
40453,16,24,-32.5001132276271,-100.000128709122,5,5.03597368421053,35.2185789473684,22.6257947368421,195.545289473684,0.0588,0.0348973421052631,0.1708815857768804,,,,1.0241009831714518
40454,17,1,-31.427478936786,-102.998794032999,3557,3612.35917647059,34.6774882352941,1.80996470588235,152.528588235294,0.0076,0.0273167655057361,2.3483658059873975,,115.28287946247784,33.77778404302506,1.0236905995951557
40459,17,6,-31.427478936786,-102.998794032999,2395,2425.632,34.6581454545454,1.82773636363637,148.236499999998,0.0411999999998346,0.0230642045454546,2.4460866204520006,0.00488435826767572,116.00057824233774,34.406396509161304,1.0236759316141053
40460,17,7,-31.427478936786,-102.998794032999,2195,2222.01892307692,34.6485846153846,1.9243,146.270538461539,0.0222,0.0248043846153846,2.449034580494293,,112.4270011168437,34.7934841058896,1.0236686815153129
40464,17,11,-31.427478936786,-102.998794032999,1297,1310.14988461538,34.4845653846154,3.35686538461538,117.419576923077,0.0222,0.025484,2.6681795539422426,0.0048849863675251605,68.62819648008747,37.161068295037396,1.0235443098141352
40469,17,16,-31.427478936786,-102.998794032999,401,404.19,34.2605,7.7492,192.605,0.0149,0.02762,1.63185629732395,0.010748754054229611,5.869796873068843,22.804947465237333,1.0233744250266406
40471,17,18,-31.427478936786,-102.998794032999,201,202.5,34.59035,15.18945,215.934,0.10645,0.0309905,0.31359154943225087,0.4024913344737924,,0.9124439475692285,1.023624522348137
40472,17,19,-31.427478936786,-102.998794032999,102,102.736,34.7943032258065,16.5967129032258,218.793483870967,0.248358064516131,0.0500423225806452,0.19242430664018847,0.013674823822145373,,0.04981542963781529,1.023779185902785
40477,17,24,-31.427478936786,-102.998794032999,7,7.049,35.2394210526316,22.9263052631579,195.162894736842,0.0295,0.0339552631578947,0.15037347403650053,0.01074096243117861,0.06053997006664307,,1.0241167931161794
40479,18,2,-31.4303846778176,-106.000088045493,3396,3447.55624074074,34.6762796296296,1.80447592592593,151.797222222222,0.0076,0.025265766836355,2.397210835035064,0.007814868247873068,115.73038388275226,34.11189990196594,1.0236896830829256
40496,18,19,-31.4303846778176,-106.000088045493,351,353.748666666667,34.2714,9.0924,198.004,0.0173333333333333,0.0281671666666667,1.357263529224368,0.007817212551328253,3.038941379328858,18.502364957425062,1.0233826888384516
40499,18,22,-31.4303846778176,-106.000088045493,62,62.4410681818182,35.1776136363636,19.0222954545455,218.859386363636,0.0515,0.0421473636363637,0.15916882094005236,0.003905983335952205,0.11132052507463784,,1.0240699091525631
40506,19,5,-31.4299191689063,-107.999968997759,2995,3037.608,34.6712297297297,1.78814324324324,149.746675675676,0.0337000000000074,0.0250355945945946,2.432386841282497,,117.35924607423208,34.28493211586016,1.0236858536395987
40530,19,5,-31.4299713929358,-107.999891690773,600,605.06475,34.26765,6.06967499999998,218.91075,0.0149,0.0266796875000001,1.7149057676285755,,8.9614819344283,24.16404827788436,1.0233798457782715
40534,19,9,-31.4299713929358,-107.999891690773,349,351.73104,34.327908,9.011984,197.57108,0.0149,0.02731373,1.3415729413888207,,3.2352134078211106,18.552400173451954,1.0234255310625493
40513,19,12,-31.4299191689063,-107.999968997759,2498,2530.56719047619,34.6612238095238,1.79654285714286,146.918714285713,0.0382904761904611,0.0254,2.456826606162835,,117.59261088272905,34.54014916131432,1.023678265975808
40540,19,15,-31.4299713929358,-107.999891690773,201,202.500423076923,34.7417769230769,14.8627153846154,195.054615384616,0.22,0.0359654615384615,0.4708229678297855,0.030281145233865873,0.25201727323669015,4.178798042273491,1.0237393520153317
40542,19,17,-31.4299713929358,-107.999891690773,103,103.744,35.1350714285714,18.1505,216.641857142857,0.1248,0.0434230357142857,0.1601503632621877,,,,1.024037639749277
40524,19,23,-31.4299191689063,-107.999968997759,1100,1110.6268125,34.3701,3.74285625,142.4751875,0.0369,0.0267275,2.4954626345480295,,49.22725076499563,35.41426906389716,1.0234575203176994
40525,19,24,-31.4299191689063,-107.999968997759,700,706.079380952381,34.2547666666667,5.73890952380952,212.358666666667,0.0222,0.025868,1.8175243144015862,,11.175820206349968,26.425435502345213,1.0233700783322939
40549,19,24,-31.4299713929358,-107.999891690773,7,7.049,35.5004230769231,23.8811,190.077615384615,0.0286576923076923,0.0363243076923077,0.14155804527568114,,,,1.0243147941017108
40551,20,2,-31.4301577722714,-110.0002631853,2644,2679.396,34.6592,1.821,148.051,0.0222,0.026331,2.468552740095282,,117.47165518586382,35.01789080894165,1.0236767312909274
40567,20,18,-31.4301577722714,-110.0002631853,349,351.731,34.33346,9.44898,200.4086,0.0222,0.0274921,1.2761012782607604,,2.1427948723015677,17.40031513267046,1.023429740451314
40570,20,21,-31.4301577722714,-110.0002631853,61,61.4346136363636,35.5268090909091,21.3221295454545,208.681340909091,0.0470204545454548,0.0400864090909092,0.133745332392564,,,0.04685967850250417,1.0243348126563627
40602,22,5,-31.4302949792444,-111.989731847473,599,604.055,34.27404375,6.174234375,217.2654375,0.0076,0.0249594375,1.711966195744688,,8.086890545652418,24.817646940367343,1.023384693199446
40578,22,5,-31.4300835461399,-111.989918921433,2296,2324.81951724138,34.6507586206897,1.8914275862069,143.658310344826,0.0255206896552676,0.04068125,2.471498807420827,,117.5368636403425,34.52087938997518,1.0236703300861483
40605,22,8,-31.4302949792444,-111.989731847473,350,352.74,34.339825,9.246,199.152,0.0076,0.0267795,1.3190877507129881,,2.545350807857284,18.06075406235472,1.023434566252551
40611,22,14,-31.4302949792444,-111.989731847473,200,201.492,34.6425764705882,14.2192176470588,201.226058823529,0.2273,0.0343402941176471,0.5109097671574182,0.012699477959935824,,4.9498657556149865,1.023664125487068
40588,22,15,-31.4300835461399,-111.989918921433,1995,2018.596,34.6325,2.03683333333333,143.161,0.0417666666666667,0.025748,2.4832549186403052,,109.05416191482763,34.943362879529396,1.0236564844465748
40613,22,16,-31.4302949792444,-111.989731847473,101,101.729,35.03446,17.66812,217.8898,0.14088,0.0466985500000001,0.15625590134976955,,,0.020508587052157256,1.0239613263748004
40620,22,23,-31.4302949792444,-111.989731847473,7,7.048,35.496,24.5445,188.351,0.0222,0.0320177500000001,0.12105693185482619,,,,1.0243114384288476
40597,22,24,-31.4300835461399,-111.989918921433,1099,1109.614,34.357584375,3.83733437499998,147.228124999998,0.0295,0.0257020625000001,2.5414089635699697,,45.95348134012274,35.24262972203201,1.023448031105675
40622,23,2,-31.4299171937688,-114.000232739629,2863,2902.828,34.6601,1.7584,149.045,0.0295,0.02551325,2.4734354455130467,,119.97529529073078,34.88696685055586,1.0236774137741063
40638,23,18,-31.4299171937688,-114.000232739629,350,352.73928,34.429328,10.6505,193.75888,0.0076,0.02670411,1.0972128351661141,,1.5251551519984898,14.682915838714482,1.0235024272478381
40641,23,21,-31.4299171937688,-114.000232739629,61,61.4346862745098,35.7013941176471,21.6841980392157,206.979098039216,0.0442,0.0400018431372549,0.11127734661521536,,,,1.024467274495673
40649,24,5,-31.4300962573282,-116.000211380769,3301,3350.368,34.6637333333333,1.7451,152.252499999997,0.0149,0.0246692499999999,2.476359391143982,,120.96356240101657,33.25648091207326,1.0236801689874782
40673,24,5,-31.4300842136568,-116.000172598803,599,604.05475,34.291875,6.54887499999992,222.67475,0.0167249999999741,0.026108,1.6298640943059357,,6.4813480440834965,22.250380870168144,1.0233982120517258
40679,24,11,-31.4300842136568,-116.000172598803,230,231.733,34.90030625,15.644140625,199.86878125,0.1687,0.0309337500000001,0.3789582168584961,0.05078821463052009,,1.5881084036389552,1.023859578020128
40659,24,15,-31.4300962573282,-116.000211380769,1998,2021.646,34.6249933333333,2.0727,141.920133333335,0.0314733333333446,0.02510125,2.5096449099156817,,109.54223926958939,34.58796717807498,1.0236507921299163
40688,24,20,-31.4300842136568,-116.000172598803,7,7.049,35.71373,25.26353,183.9344,0.0076,0.03352375,0.11322854625564051,,,,1.0244766345237912
40668,24,24,-31.4300962573282,-116.000211380769,1001,1010.42828947368,34.2914921052632,4.50086842105264,173.526421052631,0.0222,0.026318,2.244483744951362,,29.014129664275487,31.07979733376925,1.0233979217567362
40693,25,1,-31.4299873948025,-119.000071230102,3491,3544.78639622641,34.6683396226415,1.69746037735849,153.674113207546,0.0346660377358335,0.0236327499999999,2.418715948950841,,120.00484579190791,34.677704956302875,1.0236836620166194
40698,25,6,-31.4299873948025,-119.000071230102,2294,2322.78408695652,34.6419086956522,1.8921,144.289304347826,0.0222,0.0246355,2.524266713952765,,116.15045976094031,35.37587868125831,1.023663619108497
40703,25,11,-31.4299873948025,-119.000071230102,1347,1360.82075757576,34.4745272727273,2.99027575757576,147.424848484848,0.0369,0.0259145,2.4962465963935543,,68.50071922228621,35.55221815896871,1.0235366985342433
40708,25,16,-31.4299873948025,-119.000071230102,401,404.189,34.30872,7.65018000000025,209.238599999993,0.0076,0.0284037500000001,1.5213829296458614,,4.307165031393036,21.444952573498856,1.023410983296907
40710,25,18,-31.4299873948025,-119.000071230102,201,202.5,34.60192,13.38354,199.725599999999,0.127720000000002,0.03126725,0.6428083208515497,,,6.929239239817693,1.0236332957363175
40712,25,20,-31.4299873948025,-119.000071230102,101,101.729,34.8864777777778,16.7092777777778,222.882888888889,0.209433333333332,0.048252,0.18264410426284328,,,,1.023849090310017
40716,25,24,-31.4299873948025,-119.000071230102,7,7.049,35.1227552631579,24.76365,188.453026315789,0.0351473684210526,0.0341701118421052,0.12304347475208706,,,,1.0240282977530493
40717,26,1,-31.4300133986595,-122.000071309998,3492,3545.81,34.6714333333333,1.65186666666668,155.279666666694,0.0369,0.02499375,2.4245715781163835,,122.85798478506902,33.66266582670853,1.023686008036204
40722,26,6,-31.4300133986595,-122.000071309998,2295,2323.802,34.6414,1.9155,144.307749999984,0.0369,0.0246109374999998,2.5389209217435904,,118.15897656386916,34.90308026663206,1.023663233361026
40727,26,11,-31.4300133986595,-122.000071309998,1348,1361.834,34.4662,3.052,148.718,0.0369,0.02479375,2.5148251961580677,,67.4029819183174,34.81186346709717,1.0235303845103565
40732,26,16,-31.4300133986595,-122.000071309998,400,403.180342105263,34.3982894736842,8.83984210526316,201.892394736842,0.0222,0.025793947368421,1.3561588898353856,,3.2497006250666374,18.31009913221551,1.023478893515552
40736,26,20,-31.4300133986595,-122.000071309998,102,102.736,35.0873125,17.716571875,220.6553125,0.1321,0.0449502578125,0.13964824463155037,,,,1.024001414248299
40740,26,24,-31.4300133986595,-122.000071309998,7,7.049,35.40347,25.1855466666667,186.351366666667,0.0239033333333333,0.033985,0.07615393418387274,,,,1.0242412402709222
40741,27,1,-31.4295320741395,-125.000088012333,3492,3545.80916666667,34.6723166666667,1.61848333333335,156.771666666666,0.0344499999996286,0.0230440000000004,2.419685684604858,,122.90772432430306,34.07878675539972,1.023686677885397
40746,27,6,-31.4295320741395,-125.000088012333,2294,2322.78391891892,34.6432918918919,1.88257027027028,144.610135135131,0.0436081081080814,0.0237392702702702,2.530125421901363,,119.18356060758839,34.84148775966564,1.0236646679964354
40751,27,11,-31.4295320741395,-125.000088012333,1349,1362.848,34.455575,3.0748125,152.8455,0.0285874999999844,0.026282,2.482603388034521,,64.61510234854903,34.39592769608631,1.0235223283134691
40756,27,16,-31.4295320741395,-125.000088012333,401,404.189,34.3704285714286,8.21638571428571,206.630428571429,0.0222,0.0276492500000001,1.4304449521195592,,3.874121745323806,19.70379296751573,1.0234577694379086
40760,27,20,-31.4295320741395,-125.000088012333,101,101.728315789474,35.0042210526316,17.5210315789474,224.420210526316,0.1541,0.0462016315789474,0.14453994623755634,,,,1.0239383910988658
40764,27,24,-31.4295320741395,-125.000088012333,8,8.056,35.43315,24.9828,186.391,0.0332000000000016,0.03562725,0.06638914982196481,,,0.0273367087502208,1.02426375668848
40765,28,1,-31.4299936850705,-128.000060983458,997,1006.381,34.2988592592593,4.55545555555557,182.030888888889,0.0222,0.0241481481481481,2.137964140753527,,28.531268256792607,30.701477743361888,1.0234035072397605
40793,28,5,-31.4300063128333,-127.999954291396,3491,3544.78639534884,34.6718604651163,1.62376046511628,155.085348837209,0.0419930232558337,0.02426875,2.445084907268217,,121.95825625957453,34.3376666301978,1.0236863319386684
40770,28,6,-31.4299936850705,-128.000060983458,599,604.054163265306,34.3095734693878,6.58026734693877,221.216836734694,0.00998367346939467,0.0255730000000001,1.6210486091531782,,7.563916385445902,23.29463462460022,1.0234116303684733
40776,28,12,-31.4299936850705,-128.000060983458,200,201.491912280702,34.7214614035088,14.2409789473684,209.021912280702,0.1541,0.0312190000000001,0.42198876147871056,0.16703721808532293,0.26667345343446297,3.2332935196632686,1.0237239458373455
40804,28,16,-31.4300063128333,-127.999954291396,1996,2019.61307792208,34.6228077922078,2.08109090909091,141.184571428571,0.0300766233766316,0.02413625,2.52527932865977,0.004884486128935725,111.49132658463529,35.32851127336631,1.0236491348352839
40785,28,21,-31.4299936850705,-128.000060983458,6,6.042,35.3541,24.5571,187.056,0.0295,0.0347062499999999,0.08494403271802572,,0.11130597390637856,,1.0242037870841276
40813,29,1,-31.4301606029295,-131.000500938533,4090,4158.81365384615,34.6829307692308,1.51261153846154,166.142884615383,0.0269730769230573,0.0223061923076922,2.403060146357893,0.010745390898348302,121.33402346299494,33.97692602057733,1.023694726795917
40818,29,6,-31.4301606029295,-131.000500938533,2295,2323.802,34.6394153846154,1.92562051282051,142.407,0.0369,0.025145032051282,2.552601047269324,0.007815081660219898,119.05202335616734,35.59867384750916,1.0236617284143514
40823,29,11,-31.4301606029295,-131.000500938533,1348,1361.83436363636,34.4735181818182,2.95869090909095,153.739909090903,0.0342090909091465,0.0249179772727268,2.451306220048858,,68.81145810452816,34.670985982811416,1.0235359334053302
40828,29,16,-31.4301606029295,-131.000500938533,401,404.18996875,34.386503125,8.496353125,203.98534375,0.0222,0.0271405625,1.3854827786356076,,4.184783315159597,19.310776894890093,1.0234699570906356
40830,29,18,-31.4301606029295,-131.000500938533,152,153.116,35.0256,16.2448125,206.185500000001,0.441587500000046,0.0415015000000001,0.23829181342321726,0.033204596952415524,0.11914590671160863,0.4521684820284819,1.0239546063072034
40832,29,20,-31.4301606029295,-131.000500938533,101,101.728549019608,35.1327921568627,17.7290176470588,217.870235294118,0.180107843137256,0.04285575,0.13573742729412652,,,,1.0240359108825887
40836,29,24,-31.4301606029295,-131.000500938533,7,7.049,35.464,24.1577,188.593,0.0369,0.03309375,0.08396082979918076,,,,1.0242871611166369
40837,30,1,-31.4299886339259,-133.999981653888,4140,4210.143,34.6899,1.41405999999999,171.223000000125,0.0310199999989304,0.0235992500000009,2.318061905611407,,116.27429777704414,32.9686427789233,1.0237000117449853
40842,30,6,-31.4299886339259,-133.999981653888,2295,2323.80166666667,34.6401333333333,1.9209,142.158,0.0369,0.02391875,2.530131341869392,,118.70907351400957,35.33196539487729,1.0236622728393119
40847,30,11,-31.4299886339259,-133.999981653888,1348,1361.834,34.4692444444444,2.9651,154.806333333333,0.0238333333332921,0.02612,2.445451930690888,,67.89133408381107,34.44736083591663,1.0235326929091808
40851,30,15,-31.4299886339259,-133.999981653888,400,403.181,34.4121,8.7085,203.115,0.0222,0.0283607500000001,1.3512597664741428,,4.041077653027516,18.39980037761465,1.0234893647493681
40855,30,19,-31.4299886339259,-133.999981653888,101,101.729,35.2013470588235,17.7661058823529,216.341294117647,0.149376470588235,0.0444425588235294,0.12303631214922327,,0.17771911754887806,,1.0240879119262145
40859,30,23,-31.4299886339259,-133.999981653888,7,7.049,35.4623,24.2059,187.50825,0.03135,0.033802875,0.05955368682066895,,0.17963735040988668,,1.0242858713967828
40863,31,3,-31.4299869720168,-137.999985954253,598,603.044431372549,34.3458156862745,6.94520980392157,220.848411764706,0.0369,0.0249836421568627,1.5408830747741813,,6.594432385320831,21.795141322709505,1.0234391082730996
40887,31,7,-31.4300258196456,-137.999931582191,3294,3343.208,34.6729,1.5797,154.304,0.0369,0.02345625,2.430430109758112,,122.06464019089012,34.702009332414455,1.0236871202388198
40868,31,8,-31.4299869720168,-137.999985954253,250,251.895833333333,34.8874,13.5269166666666,188.2025,0.0515,0.0287264583333333,0.6358354580208245,,0.9962398881432274,7.513797509299851,1.0238497897339327
40895,31,15,-31.4300258196456,-137.999931582191,1797,1817.396,34.5939,2.30575833333333,141.241166666665,0.0435916666666782,0.02531875,2.492118189565735,,101.15987398256834,35.44747491508925,1.0236272142632712
40876,31,16,-31.4299869720168,-137.999985954253,7,7.0484,35.29942,23.46046,190.0628,0.0295,0.03303,0.050773202306762834,,0.14353193729027186,,1.0241623068370804
40905,32,1,-31.4299621592979,-140.999854827913,4487,4566.68748780488,34.6955231707317,1.3252256097561,177.786304878049,0.0369,0.0224111524390244,2.3033995807004026,,118.1610772182706,33.072050977181014,1.0237042759567556
40910,32,6,-31.4299621592979,-140.999854827913,2294,2322.78358974359,34.641941025641,1.9154,140.651743589744,0.0369,0.0239309935897436,2.544781204474836,,119.75222600067265,35.688480515577425,1.0236636436245572
40915,32,11,-31.4299621592979,-140.999854827913,1348,1361.834,34.4466842105263,3.11211578947368,156.306473684211,0.0264263157894599,0.0253443289473685,2.429860406019587,,63.560341259993656,34.81822890603941,1.0235155870842865
40920,32,16,-31.4299621592979,-140.999854827913,401,404.1895,34.4195,8.32435,212.384,0.02225,0.027488375,1.3209639835537945,,3.7792076097530156,18.62637380360173,1.023494975512284
40922,32,18,-31.4299621592979,-140.999854827913,151,152.109,35.1218,16.266,207.065,0.4251,0.0379840000000001,0.20702567543453143,,0.2529228770638851,0.2792893545956414,1.0240275731743314
40924,32,20,-31.4299621592979,-140.999854827913,101,101.728580645161,35.3248225806452,18.2180870967742,211.522548387097,0.1394,0.0439183629032258,0.09763893653082584,,0.21773482846374162,,1.0241815770743135
40928,32,24,-31.4299621592979,-140.999854827913,6,6.04171052631579,35.1634289473684,22.9971421052632,191.829184210526,0.0222,0.0329372763157895,0.05761385953442695,,0.19334820657316165,,1.0240591496000153
40930,33,2,-26.1698364279892,-152.000088999889,4618,4699.493,34.6939571428572,1.31631428571429,178.969142857133,-0.0071,0.0228258928571416,2.278004263584017,,120.69222160317155,32.353130879032,1.0237030883915164
40932,33,4,-26.1698364279892,-152.000088999889,4390,4465.12,34.6930333333333,1.3316,175.491333333333,0.0344333333333333,0.02166725,2.297542750645383,,120.69425788945169,32.457675584903974,1.02370238783993
40957,33,5,-26.1699172056907,-152.000093090889,501,504.900666666667,34.4496333333333,8.34416666666667,203.802,0.0149,0.027262,1.352199217886046,,4.961320540769756,18.998203606787694,1.0235178231826443
40958,33,6,-26.1699172056907,-152.000093090889,401,404.024,34.6843655172414,10.8028655172414,187.481379310344,0.0174172413793084,0.0262592068965517,1.0608620102751207,0.004884263399056725,3.2030999371014,14.564873455987152,1.0236958148009845
40959,33,7,-26.1699172056907,-152.000093090889,301,303.196,35.0809422222222,14.3635511111111,178.167577777778,0.0272288888888881,0.0291389944444445,0.6552756244700336,0.004882828796348984,1.5918021876097685,8.102566104661502,1.0239965824193198
40960,33,8,-26.1699172056907,-152.000093090889,252,253.809,35.2908777777778,16.1218555555556,176.486555555556,0.0149,0.0299844444444445,0.46184378159229345,0.00585848348742867,0.967626189340302,5.240413479504945,1.0241558268236142
40937,33,9,-26.1698364279892,-152.000088999889,3293,3340.8095,34.6701,1.61655,150.911,0.0259,0.02314375,2.451926136940363,,126.99609781147208,34.77339230942873,1.0236849969437107
40941,33,13,-26.1698364279892,-152.000088999889,2795,2832.2618,34.65768,1.75952000000024,141.129599999997,0.0295,0.0244975000000018,2.49786167934522,,128.27208418190907,34.97104038282343,1.0236755786534515
40965,33,13,-26.1699172056907,-152.000093090889,202,203.425,35.4211947368421,17.4758894736842,176.404631578947,0.0839210526315755,0.0324715657894738,0.34561716389921976,0.010739516392348636,0.6599920982934253,3.482532270137053,1.0242546869090814
40942,33,14,-26.1698364279892,-152.000088999889,2395,2424.635,34.6431,1.9297,136.211,0.0369,0.02533125,2.535987076803509,,124.97649101840528,35.45106741802748,1.0236645224833458
40966,33,14,-26.1699172056907,-152.000093090889,170,171.186,35.5293789473684,18.5307842105263,183.116789473684,0.2054,0.0370759342105262,0.1991532545678824,0.11519649038730453,0.3934253019159638,1.0728893469122687,1.0243367623724449
40967,33,15,-26.1699172056907,-152.000093090889,140,140.966,35.5545266666667,19.6945644444444,188.442888888889,0.5643,0.0447031166666668,0.16400550780339365,0.020500688475424206,0.2831047456130009,0.027334251300565608,1.0243558417647465
40968,33,16,-26.1699172056907,-152.000093090889,121,121.83,35.55704,20.185716,191.98588,0.33958,0.0437807500000001,0.08688370846927702,,0.2489364680861308,,1.0243577486275384
40946,33,18,-26.1698364279892,-152.000088999889,2147,2172.28715384615,34.6344538461539,2.02251538461538,135.173769230768,0.0369,0.0269849423076923,2.56530998349007,,121.31591226568844,35.4483638122255,1.023657966054988
40947,33,19,-26.1698364279892,-152.000088999889,1796,1815.634,34.5995857142857,2.30085714285714,139.222428571428,0.0326714285714114,0.0262307500000001,2.495038435167469,,106.98967084677795,34.86899250839173,1.023631525671697
40950,33,22,-26.1698364279892,-152.000088999889,1298,1310.626,34.4617769230769,3.24201923076923,149.536673076923,0.0369,0.025766,2.4034538668632504,,69.43441439440548,34.33324078676483,1.0235270307936253
40975,33,23,-26.1699172056907,-152.000093090889,21,21.139,35.1166333333333,26.6557888888889,178.757555555556,0.0369,0.04030325,0.030272738205611726,,0.2246041866867967,,1.024023654201636
40952,33,24,-26.1698364279892,-152.000088999889,800,806.813,34.2928692307692,5.63963846153847,196.822846153846,0.0149,0.0266346153846154,1.8790325808348893,,16.35334855582564,27.333426096564928,1.023398965836758
40976,33,24,-26.1699172056907,-152.000093090889,6,6.04,35.1401769230769,26.7470769230769,179.692230769231,0.0369,0.0385706153846155,0.02441307280827281,,0.2372950676964117,,1.02404151236252
40977,34,1,-26.1685066345925,-155.998747828851,4987,5079.31,34.6996,1.1529,187.14,0.0369,0.0222405,2.2115695088103493,,119.22059356968937,31.910486371160644,1.0237073675418205
40978,34,2,-26.1685066345925,-155.998747828851,4487,4564.80155,34.6993,1.1673,185.903099999997,0.0302850000001337,0.0227627750000005,2.259435252062728,,119.38766002447146,32.28169337436963,1.0237071400423494
40979,34,3,-26.1685066345925,-155.998747828851,3991,4055.541,34.6940375,1.321075,173.72725,0.0277125000001045,0.0220040000000004,2.3278232577116666,,119.95860331242471,32.80833904049687,1.0237031493286883
40980,34,4,-26.1685066345925,-155.998747828851,3491,3543.32556521739,34.6784565217391,1.55828695652174,154.84,0.0295,0.0236165,2.4431192462564066,,127.47104100889436,34.559245379471875,1.0236913338684897
40981,34,5,-26.1685066345925,-155.998747828851,2994,3035.337,34.6616,1.7223,140.415,0.0369,0.02331425,2.53009110803913,,132.01702803619003,35.485748876690906,1.0236785512468365
40982,34,6,-26.1685066345925,-155.998747828851,2594,2627.33468965517,34.6498068965517,1.86070344827586,136.757827586207,0.0369,0.0237984913793103,2.5672345632588516,,129.0377275228266,35.932491986434684,1.023669608383588
40983,34,7,-26.1685066345925,-155.998747828851,2294,2321.82947474747,34.639005050505,1.9813,134.620626262626,0.0330131313131275,0.0241501843434343,2.5643244492281987,,124.74046383651319,35.93375639634669,1.0236614172555518
40984,34,8,-26.1685066345925,-155.998747828851,1996,2018.783,34.6231,2.1426,134.865,0.0295,0.02467925,2.5545856924632764,,117.13092891473778,35.956648406308155,1.0236493564161744
40985,34,9,-26.1685066345925,-155.998747828851,1796,1815.634,34.6048114285714,2.28111714285714,137.824257142857,0.0230342857142695,0.0256514285714285,2.5311744558154694,,109.18632782830086,35.629870610768734,1.0236354882797902
40986,34,10,-26.1685066345925,-155.998747828851,1497,1512.28338461538,34.5379615384615,2.70720769230769,145.19623076923,0.0369,0.0255812692307692,2.481474916504549,,87.76996318849162,35.20470417962261,1.0235847975356085
40987,34,11,-26.1685066345925,-155.998747828851,1347,1360.262,34.4877125,3.042040625,148.80940625,0.0369,0.0258601953125,2.4512804443551355,,74.25455066254419,34.62763363462697,1.0235466960860322
40988,34,12,-26.1685066345925,-155.998747828851,998,1006.98038888889,34.3304333333333,4.57818888888889,171.206611111111,0.0234555555555478,0.0254102638888889,2.21119729541624,,33.64576565194998,31.770693796049073,1.0234274457060641
40989,34,13,-26.1685066345925,-155.998747828851,800,806.813,34.2949,5.6614,197.03,0.0295,0.025424,2.814147525398898,0.035176844067486224,15.912636267750365,27.453572525558137,1.0234005054840782
40991,34,15,-26.1685066345925,-155.998747828851,600,604.816653846154,34.3434884615385,6.92962692307692,212.740653846154,0.0149,0.0262155384615385,1.5809468061506124,0.010748093243298352,7.4015278470895485,22.725377513875735,1.023437343815259
40992,34,16,-26.1685066345925,-155.998747828851,401,404.02375,34.676475,10.74285,186.10675,0.0149,0.0275387500000001,1.101896263478044,0.01660659262333932,3.4600324159922273,14.994776280485798,1.0236898312365281
40993,34,17,-26.1685066345925,-155.998747828851,252,253.808068181818,35.3299113636364,15.9522886363636,176.743227272727,0.0222,0.0307013977272727,0.5057677848863789,,1.157017036853975,5.806565669342269,1.0241854374263262
40994,34,18,-26.1685066345925,-155.998747828851,151,152.04632,35.54474,18.684444,182.94556,0.295895999999995,0.0384448000000001,0.197198528073869,0.1483870112239014,0.4178265842357224,0.689218617921542,1.024348416659238
40996,34,20,-26.1685066345925,-155.998747828851,103,103.702,35.5728,20.2032,191.919,0.3299,0.0462062500000001,0.09957342493076754,,0.2987202747923026,0.018547990918476306,1.0243697057816343
40997,34,21,-26.1685066345925,-155.998747828851,63,63.423,35.5082742857143,22.01498,204.621714285714,0.115128571428573,0.0490085142857144,0.06345668576962728,,0.24796920285362042,0.0165963639705179,1.0243207506294225
40998,34,22,-26.1685066345925,-155.998747828851,33,33.219,35.0251,26.1126,183.228,0.0662,0.046513,0.04492388310319527,,0.21875977858947263,0.04492388310319527,1.0239542270718844
40999,34,23,-26.1685066345925,-155.998747828851,17,17.112,34.8533625,26.197878125,180.66515625,0.0515,0.040265703125,0.035162294359120536,,0.22855491333428352,,1.0238239755439102
41000,34,24,-26.1685066345925,-155.998747828851,7,7.046,34.8332818181818,26.1930272727273,180.716454545455,0.0515,0.0407427500000002,0.02930234782874457,,0.23441878262995655,,1.023808746498158
41001,35,1,-26.1700019847844,-159.999843026758,4888,4977.3475625,34.69966875,1.1479875,188.304812499998,0.00343749999989484,0.021736,2.1978936136944798,,117.0021802106089,31.707301691959614,1.0237074196771214
41002,35,2,-26.1700019847844,-159.999843026758,4489,4566.85733333333,34.7002,1.1417,186.688666666667,0.0295,0.022884,2.227197985398766,,117.23559921826005,31.983735279792278,1.0237078225408776
41003,35,3,-26.1700019847844,-159.999843026758,3991,4055.54137037037,34.6997814814815,1.29795185185185,178.500740740741,0.0396037037037584,0.0230683148148148,2.2692028614419857,,116.14157305688545,32.14101668102697,1.023707505164976
41004,35,4,-26.1700019847844,-159.999843026758,3491,3543.3255,34.68105,1.54685,157.1025,0.0369,0.023294,2.399156074039745,,124.04691906270808,34.00725586545018,1.0236933005632018
41005,35,5,-26.1700019847844,-159.999843026758,2994,3035.33652380952,34.6612571428571,1.73855714285715,138.865047619047,0.0407238095237644,0.02403125,2.5193461872120944,,130.65725935859047,35.35192678131775,1.0236782912529852
41006,35,6,-26.1700019847844,-159.999843026758,2593,2626.31567924528,34.6494679245283,1.873,134.901452830188,0.0369,0.0232265,2.5379288699083475,,127.80200933929923,35.73126415497984,1.0236693513375816
41007,35,7,-26.1700019847844,-159.999843026758,2295,2322.847,34.6392,1.9931,133.828,0.0442,0.02471875,2.5027803010094387,,122.9888903656469,35.7940566000339,1.023661565086906
41008,35,8,-26.1700019847844,-159.999843026758,1996,2018.78381818182,34.6231727272727,2.15507272727271,134.532909090912,0.0369,0.0241464545454546,2.5223479550992134,,115.64994681038746,35.776897428194616,1.0236494115652017
41009,35,9,-26.1700019847844,-159.999843026758,1797,1816.64919047619,34.5994333333333,2.34002380952383,137.949047619048,0.0354904761905067,0.0255391428571429,2.484292661256576,,105.4647199493811,35.3916455100288,1.0236314101228836
41010,35,10,-26.1700019847844,-159.999843026758,1498,1513.297,34.5405,2.701,144.314333333333,0.0369,0.0254,2.4375071945555367,,86.56521041602502,35.09814968801692,1.0235867223583506
41011,35,11,-26.1700019847844,-159.999843026758,1348,1361.276,34.4826692307692,3.07792307692307,149.281923076923,0.0244461538461588,0.0250715,2.411232657990861,,72.42002462462422,34.54471812043794,1.0235428720745845
41012,35,12,-26.1700019847844,-159.999843026758,998,1006.98,34.3326096153846,4.47273846153846,170.812692307692,0.0156019230769222,0.0253875,2.187743156204528,,34.53878744328614,31.693451100781633,1.0234290957099352
41013,35,13,-26.1700019847844,-159.999843026758,798,804.792,34.2959413793103,5.75166551724138,201.346517241379,0.0149,0.025282224137931,1.8428743535736032,,14.92083318084248,26.821345774783584,1.023401295016543
41014,35,14,-26.1700019847844,-159.999843026758,600,604.816,34.3704552631579,7.32187105263156,211.254210526316,0.0189342105263066,0.0283228157894737,1.5105654728470852,,6.68127212375703,21.913947234808816,1.0234577896753647
41015,35,15,-26.1700019847844,-159.999843026758,400,403.016,34.7753,11.8219,178.862,0.0222,0.0274940000000001,0.9982761914551791,,3.299586080954594,13.341931995192066,1.0237647744661114
41016,35,16,-26.1700019847844,-159.999843026758,301,303.196,35.2094125,15.34203125,173.7606875,0.0149,0.0281625,0.5917425375775338,,1.4686151427666845,7.20441657136476,1.0240940299489592
41017,35,17,-26.1700019847844,-159.999843026758,200,201.41,35.5614896551724,18.5435448275862,169.778344827586,0.0805482758620679,0.0314744482758622,0.3338666333511822,0.011714618714076568,0.6257558829769233,3.3982156453083774,1.0243611245819304
41018,35,18,-26.1700019847844,-159.999843026758,123,123.843568181818,35.5991863636364,20.083375,182.2745,0.276652272727273,0.0405388579545456,0.13569054486770368,0.10640481575956617,0.3123811104867998,0.43147640885989225,1.0243897254265064
41019,35,19,-26.1700019847844,-159.999843026758,102,102.694,35.5702,20.6505,191.201,0.3446,0.0411230000000001,0.09274013318256248,0.012690755067087497,0.28114903533239993,0.08004937811547498,1.0243677331472976
41020,35,20,-26.1700019847844,-159.999843026758,63,63.423,35.4941,22.4263,202.58,0.1248,0.049758,0.047837080713700554,,0.22942273403509447,0.01952533906681655,1.0243099969510971
41021,35,21,-26.1700019847844,-159.999843026758,32,32.2126923076923,35.1720615384615,26.5433846153846,181.656923076923,0.0369,0.0450622499999999,0.03417749474357504,,0.20311196876181734,0.03613049444320789,1.0240656976936435
41022,35,22,-26.1700019847844,-159.999843026758,17,17.112,35.00885,26.538775,180.644,0.0515,0.04489396875,0.029298537291932915,,0.18946387448783286,,1.0239419019822613
41023,35,23,-26.1700019847844,-159.999843026758,8,8.053,34.8955,26.8866333333333,179.393166666667,0.0454166666666668,0.0427062083333334,0.026370897635946154,,0.18557298336406555,,1.0238559328824786
41050,36,2,-26.1699501921689,-163.999714267797,5288,5389.59429411765,34.6985294117647,1.11577058823529,189.626058823528,0.0325764705882122,0.022804,2.1939880989680582,,119.0780691239115,32.5903940097379,1.0237065556811387
41052,36,4,-26.1699501921689,-163.999714267797,4590,4670.69721052632,34.7002578947368,1.07185263157895,185.879000000002,0.0353421052631765,0.02305625,2.2389199840389233,,120.11727567074443,32.314883068059174,1.0237078664443033
41030,36,6,-26.1700217378904,-163.999661607931,599,603.807,34.3932980769231,7.45179615384615,212.932230769231,0.0076,0.0268681538461539,1.4411684143499564,,6.078310986895646,21.576489555315312,1.0234751090248557
41031,36,7,-26.1700217378904,-163.999661607931,401,404.02378125,34.787465625,11.311040625,183.76665625,0.0222,0.0285745,0.9631031844423206,,2.9371716791258193,13.81554912855191,1.023774000468016
41032,36,8,-26.1700217378904,-163.999661607931,300,302.188,35.1567428571429,14.7903142857146,177.152714285714,0.0180285714285545,0.0271489642857143,0.6044602656163819,,1.417893870234227,7.766191425601107,1.0240540780108873
41033,36,9,-26.1700217378904,-163.999661607931,250,251.793,35.3463,16.364825,175.9585,0.0258749999999971,0.028478375,0.43643910334677544,,0.8924056833533619,5.3065917823036335,1.0241978699255858
41057,36,9,-26.1699501921689,-163.999714267797,2994,3035.33764102564,34.6606179487179,1.762,135.073461538461,0.0308282051282096,0.022546,2.5183705102561706,,132.93538174832835,36.34053582313414,1.0236778065423597
41061,36,13,-26.1699501921689,-163.999714267797,2794,2831.24184615385,34.6543384615385,1.8232,133.184538461539,0.0453230769230573,0.0245955384615383,2.5330353410903004,,131.45701226964158,36.41592419790367,1.0236730447210771
41038,36,14,-26.1700217378904,-163.999661607931,200,201.41,35.4807333333333,17.5585,176.208666666667,0.078366666666669,0.03298675,0.31338479459594415,,0.5574539492656825,3.3857273135786112,1.0242998560727057
41062,36,14,-26.1699501921689,-163.999714267797,2296,2323.865,34.6372,2.0214,132.045,0.0369,0.0254,2.541859481450081,,124.70546270714509,36.43787803923444,1.0236600484758545
41039,36,15,-26.1700217378904,-163.999661607931,141,141.974,35.5843,19.2604285714285,182.346857142857,0.343542857142853,0.0430280357142857,0.1542398738877621,0.18352592589176758,0.2830985027053861,0.541791962074101,1.0243784309300854
41040,36,16,-26.1700217378904,-163.999661607931,120,120.822,35.5817244444444,19.8695888888889,185.246266666667,0.5424,0.0470490555555556,0.1093348027150068,0.026357497083081997,0.2225744198126924,0.09078693439728243,1.024376476829069
41066,36,18,-26.1699501921689,-163.999714267797,2147,2172.288,34.6304,2.09548181818182,132.099454545455,0.0369,0.0253275681818182,2.5360109351893945,,121.32604549567874,36.43610780458168,1.0236548920109942
41067,36,19,-26.1699501921689,-163.999714267797,1796,1815.635,34.6013051282051,2.34899487179487,135.105666666667,0.0438256410256498,0.02552,2.4989429083536407,,107.79353379618807,36.23369525834111,1.023632829485195
41045,36,21,-26.1700217378904,-163.999661607931,91,91.617,35.5412,20.7068,197.328,0.1761,0.0466347499999999,0.05369280931396383,,0.15814972925203893,,1.0243457308853499
41046,36,22,-26.1700217378904,-163.999661607931,70,70.471,35.5172555555556,21.7257755555556,204.321844444444,0.0881,0.047083,0.03612125777030737,,0.14058003024119625,,1.0243275645405399
41070,36,22,-26.1699501921689,-163.999714267797,1498,1513.297,34.5399,2.7136,143.057,0.0222,0.026714,2.451185679125101,,88.18895180109358,35.491879050193624,1.0235862674000014
41047,36,23,-26.1700217378904,-163.999661607931,21,21.1384583333333,35.0733375,25.6234208333333,182.299458333333,0.048154166666667,0.0401262500000001,0.022461138985801016,,0.11621197997001395,0.04101599293059316,1.0239908142921705
41048,36,24,-26.1700217378904,-163.999661607931,6,6.039,35.0519952380952,25.6915952380952,182.504,0.0361952380952382,0.0382780000000001,0.02246149406967187,,0.14453483140484508,,1.0239746264722094
41073,37,1,-26.1700113655426,-168.00029350908,5285,5386.49927272727,34.6985181818182,1.1141,190.846272727285,0.0262090909088699,0.021675,2.2018028567286656,,120.02169991024,32.00331197521941,1.02370654716512
41074,37,2,-26.1700113655426,-168.00029350908,4788,4874.4,34.699,1.0631,191.292,0.0222,0.0229,2.231107333569214,,120.47588864437755,32.31198265315345,1.0237069125429168
41075,37,3,-26.1700113655426,-168.00029350908,4190,4259.726,34.7047363636364,1.19692727272732,186.505999999969,0.0369,0.0238338409090907,2.22523682525696,,115.35088487589701,31.882036656161834,1.0237112626144622
41076,37,4,-26.1700113655426,-168.00029350908,3491,3543.326,34.6886,1.5509,161.717,0.0295,0.0238,2.369837167541244,,121.68322607135619,33.67395995032224,1.023699025919585
41077,37,5,-26.1700113655426,-168.00029350908,2993,3034.316,34.661,1.74194444444443,138.575555555553,0.0311444444444029,0.022890861111111,2.536930319691447,,132.5074752462635,35.736820132950406,1.0236780962576295
41078,37,6,-26.1700113655426,-168.00029350908,2593,2626.316,34.64862,1.88953999999999,134.038600000007,0.0471199999998672,0.02456875,2.550629885145267,,128.66565024985383,36.2255871431796,1.0236687083478184
41079,37,7,-26.1700113655426,-168.00029350908,2296,2323.865,34.6366,2.0259,133.929,0.0369,0.02523125,2.5096233321413126,,120.98943905502759,36.03737046426354,1.0236595934928707
41080,37,8,-26.1700113655426,-168.00029350908,1995,2017.7675,34.62095,2.19515,134.2545,0.0332,0.0254,2.542866978255416,,116.56549119454196,35.95377497799167,1.0236477260740708
41081,37,9,-26.1700113655426,-168.00029350908,1796,1815.63433333333,34.6077,2.31726666666666,135.122000000003,0.0369,0.02558,2.513584692747478,,110.12197220752408,36.39471345833941,1.0236376786602635
41082,37,10,-26.1700113655426,-168.00029350908,1495,1510.256,34.54914,2.665168,144.19832,0.0433240000000159,0.02684744,2.4570306042784384,,89.34017284296407,35.47893575545756,1.0235932737755156
41083,37,11,-26.1700113655426,-168.00029350908,1348,1361.275,34.4977333333333,2.96167499999996,149.051583333333,0.0307749999999536,0.0264930000000002,2.4278145417282504,,76.01843930677403,35.073859979092234,1.0235542943206204
41084,37,12,-26.1700113655426,-168.00029350908,997,1005.9688021978,34.3476989010989,4.47387802197802,166.203912087912,0.0369,0.0252865,2.2424360957617537,,37.44721715471426,32.196301434181066,1.0234405360926864
41085,37,13,-26.1700113655426,-168.00029350908,799,805.802346153846,34.3003961538462,5.61566153846155,197.762076923078,0.0292846153846228,0.0269870192307693,1.9014961064540363,,16.718704204228448,27.92248342139288,1.0234046724549732
41087,37,15,-26.1700113655426,-168.00029350908,598,602.797,34.3689,7.10203333333333,210.865666666667,0.0076,0.02676,1.5574671008674545,,7.184476532420572,22.810932833658462,1.023456610487758
41088,37,16,-26.1700113655426,-168.00029350908,400,403.015,34.7038923076923,10.8509538461539,184.046153846154,0.0205153846153813,0.0287149038461538,1.1165264624936275,,3.584020639448048,15.153696424027684,1.0237106225384458
41089,37,17,-26.1700113655426,-168.00029350908,300,302.188666666667,35.2059666666667,14.7689333333334,175.065333333333,0.0197666666666551,0.0287458333333333,0.6522855181555364,,1.6619610058394052,8.291251997992005,1.0240914161162116
41090,37,18,-26.1700113655426,-168.00029350908,231,232.646,35.3948,16.3944,175.243,0.0149,0.0306780000000001,0.4784059920350733,0.0068343713147867614,0.9636463553849334,5.447970276644304,1.0242346629389139
41091,37,19,-26.1700113655426,-168.00029350908,161,162.12,35.5548,18.2694,174.748,0.1614,0.0410122500000001,0.3094627110031097,0.00878600756791163,0.467610847225519,2.856428682634381,1.0243560491422652
41093,37,21,-26.1700113655426,-168.00029350908,121,121.829612903226,35.5993322580645,19.3161,182.537774193548,0.3958,0.0437365,0.16790482874333376,0.10640480426176384,0.24795247965585338,0.3748572920781405,1.0243898361191641
41094,37,22,-26.1700113655426,-168.00029350908,60,60.4025454545455,35.5290181818182,22.3275363636364,208.318636363636,0.0955,0.05597275,0.058574502289030404,,0.13472135526476994,,1.0243364886642248
41095,37,23,-26.1700113655426,-168.00029350908,32,32.2128333333333,35.0741166666667,26.1592166666667,182.092333333333,0.0588,0.0471144999999999,0.04199253995506094,,0.08886793339326851,,1.023991405283348
41096,37,24,-26.1700113655426,-168.00029350908,7,7.046,34.85764,26.262,180.9488,0.041219999999999,0.0499839499999999,0.028325091817316534,,0.08888218466813119,,1.0238272195916012
41097,38,1,-26.1700679388096,-172.000033740899,5158,5255.53457142857,34.6981714285714,1.09405714285714,190.47071428571,-0.00397142857156407,0.0229255,2.2193865907058696,,119.57335994503703,32.32665512598123,1.023706284211349
41099,38,3,-26.1700679388096,-172.000033740899,4889,4978.377625,34.6984375,1.06108749999999,190.292250000032,0.0369,0.02227675,2.238923003210544,,119.83317648161008,32.1801223799149,1.0237064859815836
41125,38,5,-26.1700387214935,-171.999971878825,599,603.807,34.3866041666667,7.4727708333334,204.710749999999,0.0182458333333405,0.0275405000000001,1.5476759923034782,,7.182428168827568,22.585907978590402,1.023470033700309
41128,38,8,-26.1700387214935,-171.999971878825,399,402.006137254902,34.9139490196078,12.2973960784314,178.40162745098,0.0222,0.0281605,0.9366424158101868,,2.873411874153879,12.783850448946335,1.0238699249707521
41105,38,9,-26.1700679388096,-172.000033740899,3991,4055.54107692308,34.7054076923077,1.22838461538461,185.188538461543,0.0369,0.0223859423076925,2.236957768087606,,113.82403057243322,32.0568747053847,1.0237117717057933
41129,38,9,-26.1700387214935,-171.999971878825,300,302.188,35.2792055555555,15.2649166666667,173.98,0.0181444444444483,0.0280475,0.611240394999914,,1.5720399935301304,7.521381410038877,1.024146972485495
41106,38,10,-26.1700679388096,-172.000033740899,3392,3442.04446153846,34.6908192307692,1.59405384615385,161.082115384615,0.0442,0.0235601346153848,2.3551805515224378,,117.69455560747797,33.64166860799719,1.023700708823143
41109,38,13,-26.1700679388096,-172.000033740899,2994,3035.337,34.6596,1.7748,137.124,0.0369,0.02391875,2.534979209503856,,131.24549585143413,36.924731845871385,1.023677034616742
41110,38,14,-26.1700679388096,-172.000033740899,2596,2629.37297058823,34.6449970588235,1.9446411764706,134.595117647056,0.043985294117604,0.0254,2.551613611681283,,126.1798329886771,36.873356579832205,1.0236659610382497
41111,38,15,-26.1700679388096,-172.000033740899,2296,2323.864,34.6343,2.0654,133.876,0.0222,0.0254,2.5516338311177185,,121.09221853133958,36.79745143588905,1.0236578493928492
41136,38,16,-26.1700387214935,-171.999971878825,230,231.638,35.49878,16.97542,177.778755555556,0.0149,0.0274414055555555,0.3836715827330113,,0.7800345918668601,4.425402759615115,1.0243135475412057
41137,38,17,-26.1700387214935,-171.999971878825,201,202.417571428571,35.5315285714286,17.4981571428571,176.483714285714,0.0326714285714257,0.0284803571428572,0.3426602012650194,,0.6335796883789105,3.859076283762455,1.0243383932659587
41138,38,18,-26.1700387214935,-171.999971878825,151,152.046,35.6200375,18.8832874999999,177.507875,0.122062500000006,0.038452,0.24502014955674414,0.005857055367890298,0.40023211680583703,2.1768722450658946,1.0244055456421595
41139,38,19,-26.1700387214935,-171.999971878825,111,111.758,35.6138692307692,19.8702461538462,183.331897435897,0.322412820512822,0.0460482435897437,0.1444746924440266,0.08785623189163781,0.30163972949462314,0.8317056619075046,1.0244008656210788
41116,38,20,-26.1700679388096,-172.000033740899,2296,2323.864,34.6343,2.0654,133.876,0.0222,0.0254,2.549680053299098,,121.2016300891823,36.41744165016747,1.0236578493928492
41140,38,20,-26.1700387214935,-171.999971878825,61,61.4091578947368,35.5481736842105,21.4784105263158,199.314894736842,0.127873684210526,0.0424369473684211,0.04783516485880574,,0.194269342998007,,1.024351021777232
41117,38,21,-26.1700679388096,-172.000033740899,1798,1817.66497297297,34.6025783783784,2.39697567567568,134.479702702703,0.0369,0.0277618243243243,2.5321555547656955,,108.46554748845695,36.287391235251455,1.0236337949782244
41141,38,21,-26.1700387214935,-171.999971878825,22,22.1456363636364,35.0390818181818,25.8973636363636,180.284454545455,0.0442,0.0414728863636365,0.025391497041438924,,0.17285749908979575,,1.023964831910777
41118,38,22,-26.1700679388096,-172.000033740899,1299,1311.638,34.48095,3.073975,150.79125,0.03505,0.026555,2.4170977282908965,,72.65752783247267,34.78021909031027,1.0235415684864917
41142,38,22,-26.1700387214935,-171.999971878825,7,7.046,35.0386,25.89105,180.6545,0.03685,0.041708625,0.020508524160547874,,0.8252239483649024,,1.0239644664630514
41119,38,23,-26.1700679388096,-172.000033740899,800,806.812027777778,34.3026972222222,5.8327027777778,198.727111111112,0.0151027777777733,0.027266,1.860453450651205,,15.245165303077783,27.550149706465717,1.0234064170396484
41146,39,2,-26.1666847282918,-175.396631156711,5984,6108.625,34.6974,1.1857,193.971,0.0222,0.02440625,2.2770216105971026,,120.4740777498673,32.14302706851037,1.0237056992132554
41149,39,5,-26.1666847282918,-175.396631156711,4986,5078.279,34.699,1.0743,189.521,0.0369,0.02523075,2.2369683861092384,,119.37694129312301,31.86947318638162,1.0237069125429168
41150,39,6,-26.1666847282918,-175.396631156711,3990,4054.515,34.7048333333333,1.12616666666667,185.22,0.0344,0.0267995,2.2203524760687494,,115.19458253096494,31.883988041743937,1.0237113361498649
41152,39,8,-26.1666847282918,-175.396631156711,3393,3443.06670588235,34.7119941176471,1.51153529411765,174.601647058823,0.0325764705882661,0.0275077647058824,2.2262016943968503,,106.04202603713861,32.03620481326858,1.0237167664259883
41153,39,9,-26.1666847282918,-175.396631156711,2993,3034.31532075472,34.6765358490566,1.7721641509434,148.746754716981,0.0369,0.024402,2.416747546954959,,118.11975743035559,34.27014447949631,1.0236898773796947
41155,39,11,-26.1666847282918,-175.396631156711,2495,2526.47076923077,34.6425884615385,2.01329230769231,134.875961538462,0.0303538461538312,0.0266185000000001,2.529149857401725,,120.72612082938485,35.53997719665205,1.0236641345798942
41157,39,13,-26.1666847282918,-175.396631156711,2294,2321.82913207547,34.6306471698113,2.1364,134.029849056604,0.0304773584905768,0.02761675,2.8779225143008356,,117.39989613073031,35.410365002843406,1.0236550794404218
41158,39,14,-26.1666847282918,-175.396631156711,1996,2018.78357692308,34.6113884615385,2.32162692307692,133.344884615384,0.0337692307692482,0.0260434038461538,2.534092840056338,,111.25878930654444,36.431736424140716,1.023640475596123
41159,39,15,-26.1666847282918,-175.396631156711,1747,1765.89151111111,34.5890088888889,2.51941111111111,135.227466666667,0.0406311111111095,0.0271732000000001,2.51655026130314,,102.76825360560757,35.39875726642829,1.0236235054038123
41160,39,16,-26.1666847282918,-175.396631156711,1497,1512.28288461538,34.5388461538462,2.78550384615384,142.730807692307,0.0425038461538758,0.0270980000000001,2.4717037104726978,0.012700453848278686,86.32889263870354,35.06009132716748,1.02358546830686
41162,39,18,-26.1666847282918,-175.396631156711,1248,1259.98771052632,34.4470578947368,3.37365789473686,153.247605263158,0.0273868421052701,0.0272754736842105,2.381985536773125,,62.662438222510715,34.231027590805255,1.0235158704207574
41163,39,19,-26.1666847282918,-175.396631156711,997,1005.96807843137,34.3327156862745,4.74856862745098,172.324529411765,0.0369,0.0277765588235294,2.163315304700701,,31.566424676450243,31.135520408440755,1.023429176130343
41164,39,20,-26.1666847282918,-175.396631156711,800,806.812088235294,34.3029264705882,5.73386470588238,198.446323529413,0.0155441176470682,0.0277085514705883,1.850681847213603,,15.340921331179286,26.967776294217654,1.023406590847377
41165,39,21,-26.1666847282918,-175.396631156711,302,304.204,35.2158205128205,14.6480205128205,175.382923076923,0.0184564102564124,0.0293284294871796,0.6757159940786672,0.007811745596285171,1.985159849655969,8.712049276257037,1.0240988907529647
41166,39,22,-26.1666847282918,-175.396631156711,202,203.424052631579,35.5472263157895,17.2053526315789,178.409368421053,0.0369,0.0324463815789474,0.4090397579494328,,0.8561524289299585,4.709326473384401,1.0243503030133283
41167,39,23,-26.1666847282918,-175.396631156711,132,132.908,35.6477466666667,18.9173666666667,179.660466666667,0.341633333333337,0.0489706,0.24599127697961562,0.043927013746359926,0.49491102154232186,2.2441823245084773,1.0244265694871868
41168,39,24,-26.1666847282918,-175.396631156711,8,8.05286842105263,35.1006921052632,26.0002447368421,182.405157894737,0.0442,0.0421032894736843,0.05859308838564886,,0.18456822841479392,0.0839834266860967,1.0240115626793915
41169,40,1,-25.8749925354439,-177.183303334149,500,503.8805,34.61365,9.50455,191.08,-0.0071,0.325897625,1.2523907395445326,,5.197128497953911,17.836310548053103,1.0236421905085593
41171,40,3,-25.8749925354439,-177.183303334149,451,454.447,34.7868647058824,11.0855705882353,181.628647058824,0.0222,0.0883395000000002,0.9777552908390459,,2.925451644418524,12.189219055325129,1.0237735447496346
41172,40,4,-25.8749925354439,-177.183303334149,401,404.015,34.9775,12.7309,176.244,0.0076,0.05980625,0.9043691853578656,,2.9162487985729877,12.32813415418179,1.023918124359329
41173,40,5,-25.8749925354439,-177.183303334149,352,354.604,35.0899692307692,13.6704461538462,173.403076923077,0.0149,0.0730459615384616,0.7871067389821573,,2.42967936301192,10.49898827642329,1.0240034293725835
41174,40,6,-25.8749925354439,-177.183303334149,304,306.213210526316,35.3149263157895,15.3574210526316,173.980526315789,0.0295,0.0296224078947368,0.6024366542712002,,1.6393697609746276,7.768210731574828,1.0241740697972932
41175,40,7,-25.8749925354439,-177.183303334149,251,252.795,35.4541488888889,16.4398777777778,175.303777777778,0.0149,0.0309901944444444,0.4861953293385185,,1.2242749859247033,5.962238707370146,1.0242796875024325
41176,40,8,-25.8749925354439,-177.183303334149,230,231.633,35.50414,17.0080400000001,174.0354,0.0251200000000166,0.0310426999999998,0.47641473046136734,,1.1061022328129697,5.71600050584284,1.024317614040635
41178,40,10,-25.8749925354439,-177.183303334149,202,203.42,35.5552333333333,17.6479333333333,173.021666666667,0.0282833333333276,0.03048825,0.41001355490779995,,0.8649333563055018,4.877208857903259,1.0243563779115685
41179,40,11,-25.8749925354439,-177.183303334149,181,182.264,35.6275206896552,18.2392724137931,174.230586206897,0.0284931034482781,0.0317946206896552,0.35239754482577895,,0.6813669980287914,4.157510092556766,1.0244112233485452
41180,40,12,-25.8749925354439,-177.183303334149,152,153.05,35.6520615384615,18.7380538461538,173.098538461538,0.0605076923076917,0.0332288269230769,0.33091577934831223,,0.5954531722786739,3.8060195388763107,1.0244298433504997
41181,40,13,-25.8749925354439,-177.183303334149,133,133.913,35.6637023255814,19.4216976744186,169.842674418604,0.0740093023255793,0.0365928372093023,0.29089100896360814,0.0009761443253812355,0.4841675853890928,3.2339661499880332,1.0244386757147286
41185,40,17,-25.8749925354439,-177.183303334149,113,113.77,35.6686666666667,19.6647688888889,170.837866666667,0.1468,0.0398789222222223,0.2830808135234638,0.004880703681439032,0.4500008794286787,2.9869906530406873,1.02444244239097
41186,40,18,-25.8749925354439,-177.183303334149,102,102.692,35.67372,20.10668,175.459,0.264,0.0445122500000001,0.2245115290605354,0.04978299122646654,0.35433776108249715,2.049887874030975,1.0244462766007207
41187,40,19,-25.8749925354439,-177.183303334149,83,83.5594230769231,35.6532423076923,20.8406,172.281269230769,0.574788461538461,0.05218075,0.2137772634202164,0.10542440387846289,0.3211539710742064,1.770739524403071,1.024430739248062
41188,40,20,-25.8749925354439,-177.183303334149,62,62.415,35.6205,21.5165,187.687,0.2127,0.0455174999999999,0.2704006301916203,0.018547335644912583,0.18937805869016008,0.025380564566722483,1.0244058965532108
41189,40,21,-25.8749925354439,-177.183303334149,52,52.3468863636364,35.6156136363636,21.8533159090909,199.652931818182,0.125629545454546,0.0439215,0.06540399923978779,,0.1444745057834118,,1.02440218914383
41191,40,23,-25.8749925354439,-177.183303334149,22,22.145,35.0720888888889,26.0857888888889,181.194555555556,0.0458222222222241,0.0414562500000002,0.022461159759493365,,0.0908212112014297,0.0175782989422122,1.0239898672319843
41192,40,24,-25.8749925354439,-177.183303334149,7,7.046,35.0002,26.2325,180.408,0.0588,0.04088525,0.023438980013916685,,0.08496630255044799,,1.0239353412883245
41193,41,1,-25.7182186840159,-178.714831192733,2294,2321.7528974359,34.6220897435897,2.3118,139.621358974359,0.0369,0.0321852307692308,2.430521590591919,,109.9918478494839,34.95926271741255,1.023648590339855
41194,41,2,-25.7182186840159,-178.714831192733,2194,2220.01588888889,34.6170555555556,2.3405,139.999777777777,0.0295,0.0299677222222223,2.456906992069522,,109.21757523394535,35.02972998871925,1.0236447729270959
41198,41,6,-25.7182186840159,-178.714831192733,1995,2017.70084615385,34.6086576923077,2.38568461538462,139.582538461538,0.0295,0.0287275769230769,2.4784142407383407,,107.22438653890404,35.25561353330941,1.0236384048714173
41199,41,7,-25.7182186840159,-178.714831192733,1796,1815.575,34.59665,2.45435,139.6655,0.02585,0.0288625,2.468667125005803,,104.12558535253997,34.960898457690014,1.0236292995533207
41203,41,11,-25.7182186840159,-178.714831192733,1496,1511.22,34.5608269230769,2.68241923076923,143.056461538462,0.0222,0.0294997692307692,2.445286027546036,,93.22860580211372,35.29398654301064,1.0236021356208718
41204,41,12,-25.7182186840159,-178.714831192733,1347,1360.21783870968,34.525664516129,2.95011612903226,145.565677419355,0.0295,0.0289762661290322,2.4199485674249503,,83.66749911759094,34.39511879885459,1.0235754731910511
41205,41,13,-25.7182186840159,-178.714831192733,998,1006.947,34.35475,4.26635,170.222,0.02585,0.027224,2.2043178241352686,,38.675225228245665,31.92938734800191,1.0234458821222867
41206,41,14,-25.7182186840159,-178.714831192733,798,804.765,34.3168230769231,5.52051923076923,188.9195,0.0295,0.0277895,1.9366492392219707,,20.028001743861118,28.145903802113455,1.0234171267876306
41208,41,16,-25.7182186840159,-178.714831192733,599,603.7876875,34.37204375,7.0585375,205.9286875,0.0369,0.02692525,1.5770050479569317,,8.145905257011734,22.967212303144755,1.0234589940539485
41209,41,17,-25.7182186840159,-178.714831192733,400,403.002,34.666775,10.059509375,186.0819375,0.0222,0.0286080078125,1.2210817610671711,,4.8100852731958,17.542549012195405,1.023682475535099
41210,41,18,-25.7182186840159,-178.714831192733,300,302.178,35.0943555555555,13.4027111111111,175.971888888889,0.021388888888885,0.0303325000000001,0.8193305315214356,,2.7734192008592102,11.180590292477852,1.0240067563966395
41211,41,19,-25.7182186840159,-178.714831192733,201,202.4105,35.5002,16.3789,183.659,0.0222,0.032810875,0.4373656190467088,,1.204707977463479,5.260102579070685,1.024314624858877
41212,41,20,-25.7182186840159,-178.714831192733,86,86.5790454545454,35.6486863636364,19.2721409090909,188.509636363636,0.579,0.05543375,0.24989572650032285,0.055640845353587515,0.3436066239379439,1.0776753205326424,1.0244272824716323
41214,41,22,-25.7182186840159,-178.714831192733,62,62.4143720930233,35.6283139534884,20.3645046511628,201.318627906977,0.188832558139534,0.0449939593023257,0.07126040348491006,,0.17863909366765124,,1.0244118252215386
41215,41,23,-25.7182186840159,-178.714831192733,32,32.2110344827586,35.5157724137931,24.4751137931034,188.433310344828,0.0732482758620687,0.0463669655172414,0.030263789755289976,,0.15912895903587956,,1.0243264393079303
41216,41,24,-25.7182186840159,-178.714831192733,6,6.03934210526316,35.4374078947368,25.6395052631579,183.292368421053,0.0442,0.0424166381578948,0.019526158955895375,,0.12692003321331993,,1.024266986926354
41217,42,1,-25.7183208669411,178.999770587555,998,1006.947,34.3824774193548,4.49627096774195,166.423322580646,0.0236225806451787,0.0283075725806452,2.147602418478338,,41.2001597725096,31.041550880371616,1.023466904808838
41242,42,2,-25.7182963106345,178.999782907153,3742,3800.188,34.67294,1.85498000000001,142.957200000019,0.0178199999998672,0.0262631000000002,2.452897839538034,,124.60545189882636,34.71666121837602,1.0236871505716312
41244,42,4,-25.7182963106345,178.999782907153,3294,3341.7210952381,34.6722904761905,1.82024761904762,141.686761904763,0.0369,0.02573,2.4695056638504753,,123.93440805882508,34.17451983550041,1.0236866580246347
41221,42,5,-25.7183208669411,178.999770587555,798,804.765,34.334125,5.705175,186.60975,0.024025000000004,0.0286187500000001,1.927830460684227,,20.49577888662562,27.48501927449905,1.023430244638702
41223,42,7,-25.7183208669411,178.999770587555,598,602.777222222222,34.4282555555556,7.61582222222222,198.951111111111,0.0149,0.02907925,1.5329726679285915,,8.183670533186667,21.825075497889664,1.0235016141025461
41247,42,7,-25.7182963106345,178.999782907153,2995,3036.25786956522,34.6691,1.8323,140.23847826087,0.0410260869565123,0.0257918152173913,2.473418955244788,,123.94740019681059,35.00200418063823,1.0236842386248368
41224,42,8,-25.7183208669411,178.999770587555,399,401.993204545455,34.8749295454545,12.1419431818182,176.12525,0.0295,0.0300407386363637,0.985505228144861,,3.5698925756882725,13.252066338423662,1.0238403320288478
41225,42,9,-25.7183208669411,178.999770587555,300,302.178,35.3798,15.82526,171.6636,0.0119799999999834,0.02931,0.6199820002140083,,1.8287028132296654,7.863519731848225,1.0242232835482445
41226,42,10,-25.7183208669411,178.999770587555,250,251.784264705882,35.5474235294118,17.3154382352942,173.605764705883,0.012967647058826,0.0291370000000001,0.4812805995547933,,1.2105232118619547,5.87396626272047,1.0243504526383314
41250,42,10,-25.7182963106345,178.999782907153,2796,2833.18813636364,34.6653318181818,1.8697,139.741499999997,0.0369,0.0254,2.4851482569252643,,119.0936967746803,34.31536476779508,1.023681381145264
41252,42,12,-25.7182963106345,178.999782907153,2597,2630.30533333333,34.6576,1.9482,139.127333333333,0.0319666666666667,0.025712,2.482231874601618,,120.04780600936357,34.35952055307466,1.0236755179883483
41257,42,13,-25.7182963106345,178.999782907153,2397,2426.59165909091,34.6473636363636,2.04915227272725,138.183227272727,0.0369,0.02729,2.4871350943553114,,114.72081576618633,34.61181599689829,1.0236677556351022
41253,42,14,-25.7182963106345,178.999782907153,2197,2223.067,34.63476,2.1788,136.921599999998,0.0295,0.0258007999999999,2.4744587640900693,,117.51481130130868,34.879806621332776,1.0236581982126738
41231,42,15,-25.7183208669411,178.999770587555,200,201.403022727273,35.6394545454545,18.294,177.46775,0.0515,0.0313748238636364,0.35044210635716994,,0.7125981549881172,4.032524627747825,1.0244202779505835
41232,42,16,-25.7183208669411,178.999770587555,121,121.825866666667,35.6901933333333,19.36316,186.654866666667,0.382133333333317,0.0446309000000002,0.2127952877659588,0.17765478152937844,0.3562856882319952,1.268962725209846,1.024458775796603
41233,42,17,-25.7183208669411,178.999770587555,91,91.614,35.6690666666667,21.0113666666667,196.226333333332,0.373833333333125,0.0558633333333333,0.11811299409893046,,0.2391544095391567,0.07418667397949351,1.0244427458900196
41258,42,18,-25.7182963106345,178.999782907153,1998,2020.74904,34.625004,2.268992,136.79552,0.0295,0.0276119799999999,2.480338020991312,,112.06751362429355,34.643649956051554,1.0236508002184488
41259,42,19,-25.7182963106345,178.999782907153,1797,1816.58998113208,34.6099094339623,2.41746226415094,137.284754716981,0.0369,0.02665425,2.480365755705911,,107.52908195994696,34.65087568132677,1.0236393540586524
41260,42,20,-25.7182963106345,178.999782907153,1648,1665.37242105263,34.5962947368421,2.5559052631579,137.710947368421,0.0369,0.027617,2.462806276217082,,95.9927836205342,34.34447340209748,1.0236290301616027
41261,42,21,-25.7182963106345,178.999782907153,1498,1513.248,34.5678,2.82874615384615,138.522615384616,0.0369,0.027554,2.45504276661888,,95.26113019220335,33.78541344925616,1.0236074231248278
41238,42,22,-25.7183208669411,178.999770587555,61,61.4066829268293,35.635043902439,22.2247756097561,202.759585365854,0.127470731707317,0.0493835121951219,0.06833155315110928,,0.1630195625176464,,1.0244169314460203
41239,42,23,-25.7183208669411,178.999770587555,21,21.138,34.9626866666667,26.026,181.647533333333,0.0442,0.04143045,0.02929953916271505,,0.10645499229119802,,1.0239068892310879
41240,42,24,-25.7183208669411,178.999770587555,6,6.03985964912281,34.9625298245614,26.0242140350877,180.727719298246,0.0504754385964912,0.0429152368421052,0.022462982634462857,,0.09473518763229988,,1.0239067702751659
41265,43,1,-25.7183278139859,175.500057725234,4289,4361.22885185185,34.6735574074074,1.9031,144.19675925926,0.0295,0.0261585,2.4704802066990164,,124.53310723234905,34.742043713424486,1.023687618764279
41266,43,2,-25.7183278139859,175.500057725234,3790,3849.36492307692,34.6727307692308,1.85972307692308,143.008461538461,0.0436384615383633,0.0239507115384617,2.4724354417001333,,124.08578110705628,34.62191107259428,1.023686991907702
41269,43,5,-25.7183278139859,175.500057725234,3392,3441.93063636364,34.6712181818182,1.84715454545455,142.088545454544,0.0369,0.0255845,2.4743919364153313,,123.54766907469113,34.628787901297706,1.0236858448825914
41270,43,6,-25.7183278139859,175.500057725234,2994,3035.237125,34.6664875,1.87662500000002,141.346249999991,0.0378125000001556,0.02529925,2.4870998606257255,,122.14629987147687,34.353433149499175,1.0236822575187856
41271,43,7,-25.7183278139859,175.500057725234,2594,2627.24803389831,34.6556050847458,1.977,139.972661016949,0.0440762711864159,0.024625,2.4763743018573856,,119.29579082557157,34.82260936422494,1.0236740052174838
41272,43,8,-25.7183278139859,175.500057725234,2394,2423.53726086957,34.6467260869565,2.06325217391304,138.898347826087,0.0422956521738974,0.0248,2.4910437886529437,,117.6368564993632,34.436970838271996,1.0236672721754672
41273,43,9,-25.7183278139859,175.500057725234,2195,2221.033,34.6361,2.16396666666663,137.60433333333,0.0369,0.0259180000000004,2.4959478351846576,,114.75010272405706,34.841673381485705,1.0236592143405008
41274,43,10,-25.7183278139859,175.500057725234,1996,2018.717,34.6245705882353,2.28646470588235,137.505176470588,0.0381882352941004,0.0268781176470588,2.4842464011359815,,111.45112826048003,34.84880922836173,1.0236504715623829
41275,43,11,-25.7183278139859,175.500057725234,1796,1815.5749,34.6065,2.45813999999999,138.033500000001,0.0236699999999666,0.026846,2.4833027473258227,,106.20759562697435,34.56108756683437,1.0236367687094883
41276,43,12,-25.7183278139859,175.500057725234,1597,1613.6375,34.5854,2.6649,138.9155,0.0332,0.0278005,2.4589184555608505,,99.95205559944272,34.32228132666641,1.023620768841601
41277,43,13,-25.7183278139859,175.500057725234,1398,1411.89032432432,34.5525027027027,2.98050810810812,142.49781081081,0.0333324324323849,0.02855325,2.428692988644896,,89.49137724812485,33.744764489454276,1.0235958236067866
41278,43,14,-25.7183278139859,175.500057725234,1198,1209.322,34.4711470588235,3.62761176470589,153.193117647059,0.0369,0.02809375,2.347747785412478,,66.81555370319957,33.04726127406454,1.0235341355365455
41279,43,15,-25.7183278139859,175.500057725234,999,1007.958,34.3747740740741,4.62635185185187,170.343370370371,0.0341592592592662,0.02809325,2.151522981278822,,38.60527907053022,30.741765467745495,1.0234610641672883
41280,43,16,-25.7183278139859,175.500057725234,799,805.775,34.3446692307692,5.95855897435897,187.653897435898,0.0222,0.0288747628205128,1.904365037020235,,19.381726461946318,27.08028578810457,1.0234382390519023
41281,43,17,-25.7183278139859,175.500057725234,600,604.796333333333,34.4918666666667,8.426,190.788333333334,0.0197666666666596,0.0295685833333333,1.4654879837385648,,7.487666604914907,20.84314709671903,1.0235498459519214
41282,43,18,-25.7183278139859,175.500057725234,400,403.002803921569,35.1959215686274,14.1615823529412,174.360235294118,0.0222,0.0287069215686275,0.7889979343510256,,2.7029038147074735,10.429810565350623,1.024083796448218
41283,43,19,-25.7183278139859,175.500057725234,302,304.194,35.58458125,17.5394375,175.67165625,0.0222,0.0300745156250001,0.3953616196965928,,0.8961530046456103,4.5676469594082905,1.0243786443175842
41284,43,20,-25.7183278139859,175.500057725234,202,203.418166666667,35.7058333333333,18.99235,186.840666666667,0.0149,0.0318309166666666,0.20303168417801343,,0.30357141240077967,1.8380224101307658,1.0244706428068167
41285,43,21,-25.7183278139859,175.500057725234,153,154.056,35.6923,19.5294947368421,178.601894736842,0.1321,0.0446398157894737,0.22548456319763796,0.0048806182510311245,0.35042839042403473,2.3046279381368975,1.0244603742453435
41286,43,22,-25.7183278139859,175.500057725234,92,92.62148,35.623474,20.815388,183.05066,0.3885,0.0500020400000001,0.09859351441454171,,0.1952346820089935,0.03807076299175373,1.0244081530083216
41287,43,23,-25.7183278139859,175.500057725234,52,52.346,35.5257333333333,21.8430925925926,196.579814814815,0.102259259259259,0.0473105000000001,0.054669668478896837,,0.14253163567712387,,1.0243339964941747
41288,43,24,-25.7183278139859,175.500057725234,8,8.053,35.14625,25.77555,182.6335,0.0514999999999984,0.0453277500000001,0.03808422226251088,,0.09667533343560455,,1.024046118919713
41289,44,1,-25.8329474974904,171.999036547952,3192,3237.49641509434,34.6683943396227,1.86685283018868,141.942773584906,0.0295,0.0256525566037736,2.4177389866761776,,123.23240036694402,35.150505841441976,1.0236837035095103
41290,44,2,-25.8329474974904,171.999036547952,2992,3033.22045454545,34.6674545454545,1.86301818181818,142.163363636369,0.0369,0.02539375,2.4558384016140313,,123.09670193483983,35.18276685462647,1.0236829908465246
41291,44,3,-25.8329474974904,171.999036547952,2795,2832.192,34.6634818181818,1.89329999999999,141.066545454547,0.0355545454545733,0.02546,2.451938157731446,,122.21983691888931,35.17798605500682,1.0236799782594326
41292,44,4,-25.8329474974904,171.999036547952,2593,2626.25157142857,34.6587714285714,1.94104285714286,140.735571428572,0.0369,0.0254,2.4675766525989955,,120.71490486603946,35.22695236317196,1.0236764062990584
41293,44,5,-25.8329474974904,171.999036547952,2395,2424.576,34.65035,2.0154,139.667,0.0332,0.02575675,2.471499555535204,,119.16633054587865,35.392264386182,1.0236700202246758
41294,44,6,-25.8329474974904,171.999036547952,2194,2220.034,34.64228,2.10579,138.8413,0.0295,0.0260478000000001,2.4822600448582612,,117.36957796520487,35.647442462385996,1.02366390067125
41295,44,7,-25.8329474974904,171.999036547952,1995,2017.717,34.6314153846154,2.20495769230769,138.45626923077,0.0442,0.02639,2.4842338048345085,,114.5053012976296,35.49533436832948,1.0236556619796124
41296,44,8,-25.8329474974904,171.999036547952,1796,1815.59,34.6122032258065,2.40596129032258,138.611709677419,0.0345129032258047,0.02723,2.4705924920742612,,109.00597945556436,35.226213788733006,1.0236410934272293
41297,44,9,-25.8329474974904,171.999036547952,1596,1612.63665384615,34.5839692307692,2.69643076923077,141.576153846154,0.0295,0.027213326923077,2.4423133311006713,,100.08600030850552,34.939734514726204,1.023619683913911
41298,44,10,-25.8329474974904,171.999036547952,1399,1412.916,34.5459142857143,3.07545714285717,146.237428571428,0.0369,0.0284809285714288,2.392557585934226,,88.02149994998037,34.32230833362239,1.0235908278227437
41299,44,11,-25.8329474974904,171.999036547952,1197,1208.32054054054,34.4640027027027,3.82035945945946,156.648135135135,0.0301459459459313,0.0278,2.302817651830563,,65.48033171121602,33.43042494386354,1.0235287184490558
41300,44,12,-25.8329474974904,171.999036547952,998,1006.955,34.387358974359,4.80259230769231,171.832461538461,0.0369,0.0280663846153846,2.127076231841637,,39.597619865799736,30.803034122663963,1.023470605994755
41301,44,13,-25.8329474974904,171.999036547952,800,806.793,34.3694,6.47115,193.1795,0.02585,0.029014,1.7714471819063153,,15.19555795532654,26.126158961386082,1.023456989583493
41302,44,14,-25.8329474974904,171.999036547952,649,654.271488372093,34.4996,8.29291860465116,192.763023255814,0.0150697674418757,0.02878125,1.4703645201890723,,8.105079109294714,21.372554314721693,1.0235557097137205
41303,44,15,-25.8329474974904,171.999036547952,401,404.014,35.2694200000001,14.7801400000002,171.606199999998,0.0280800000000334,0.0320167,0.7625913875406809,,2.9751804837854734,10.522980004514618,1.0241395493839578
41304,44,16,-25.8329474974904,171.999036547952,301,303.188878787879,35.5292909090909,17.0097424242424,173.751696969697,0.0360030303030264,0.0324580000000001,0.49202571983927185,,1.454599846350228,6.429526569169533,1.0243366955789217
41305,44,17,-25.8329474974904,171.999036547952,202,203.419,35.6600125,18.950009375,177.63828125,0.1248,0.039450375,0.3279853896623157,0.03221285077040601,0.7262533628236991,3.454584208377784,1.0244358760795287
41306,44,18,-25.8329474974904,171.999036547952,150,151.035,35.6441066666667,20.6574133333333,164.110266666667,0.1101,0.0404870000000001,0.29870449876834243,0.018547011361433025,0.6686685675042959,3.4292447848796956,1.0244238076819712
41307,44,19,-25.8329474974904,171.999036547952,101,101.684,35.6031647058823,21.8628411764706,167.381901960784,0.317303921568627,0.0534157352941176,0.22159469730616238,0.08590455225965765,0.46466553267723915,2.137851925552844,1.0243927438677356
41308,44,20,-25.8329474974904,171.999036547952,52,52.34694,35.299478,26.628968,180.42762,0.1028,0.05244542,0.052726015514984854,,0.13181503878746215,0.029292230841658252,1.0241623508351978
41309,44,21,-25.8329474974904,171.999036547952,22,22.145,35.2823875,26.741175,180.429,0.087795833333333,0.05040746875,0.028316181593693666,,0.15036868846306292,,1.0241493862455886
41310,44,22,-25.8329474974904,171.999036547952,7,7.046,35.2827333333333,26.7334,180.129,0.0856999999999996,0.04942175,0.02050481590161089,,0.13767519248224452,,1.0241496485881743
