bottle,station,cast,niskin,depth,counts,run_time,dic_cell_id,dbs_fname,analysis_datetime,analysis_datenum,salinity,alkalinity_certified,total_phosphate,total_silicate,total_ammonium,crm
JUNK01,22,11,22,0,0,0,C_Nov21-22_0811,data/TA_ONLY/SO289_TA_only.dbs,2022-11-22 11:18:00,19318.470833333333,,,,,,False
JUNK02,22,11,22,0,0,0,C_Nov21-22_0811,data/TA_ONLY/SO289_TA_only.dbs,2022-11-22 11:40:00,19318.48611111111,,,,,,False
JUNK03,22,11,22,0,0,0,C_Nov21-22_0811,data/TA_ONLY/SO289_TA_only.dbs,2022-11-22 11:56:00,19318.49722222222,,,,,,False
JUNK04,22,11,22,0,0,0,C_Nov21-22_0811,data/TA_ONLY/SO289_TA_only.dbs,2022-11-22 12:35:00,19318.524305555555,,,,,,False
JUNK05,22,11,22,0,0,0,C_Nov21-22_0811,data/TA_ONLY/SO289_TA_only.dbs,2022-11-22 12:50:00,19318.534722222223,,,,,,False
JUNK06,22,11,22,0,0,0,C_Nov21-22_0811,data/TA_ONLY/SO289_TA_only.dbs,2022-11-22 13:04:00,19318.544444444444,,,,,,False
CRM-198-0675-02,666,0,0,0,0,0,C_Nov21-22_0811,data/TA_ONLY/SO289_TA_only.dbs,2022-11-22 13:20:00,19318.555555555555,33.504,2200.67,0.67,3.8,0.0,True
NUTSLAB01,22,11,22,0,0,0,C_Nov21-22_0811,data/TA_ONLY/SO289_TA_only.dbs,2022-11-22 13:34:00,19318.56527777778,,,,,,False
ST23,444,0,0,0,0,0,C_Nov21-22_0811,data/TA_ONLY/SO289_TA_only.dbs,2022-11-22 13:49:00,19318.575694444444,,,,,,False
ST22,444,0,0,0,0,0,C_Nov21-22_0811,data/TA_ONLY/SO289_TA_only.dbs,2022-11-22 14:03:00,19318.585416666665,,,,,,False
ST44,444,0,0,0,0,0,C_Nov21-22_0811,data/TA_ONLY/SO289_TA_only.dbs,2022-11-22 15:12:00,19318.633333333335,,,,,,False
ST37,444,0,0,0,0,0,C_Nov21-22_0811,data/TA_ONLY/SO289_TA_only.dbs,2022-11-22 15:26:00,19318.643055555556,,,,,,False
SO289-41142,0,0,0,0,0,0,C_Nov21-22_0811,data/TA_ONLY/SO289_TA_only.dbs,2022-11-22 15:40:00,19318.652777777777,35.0733,,0.0205079970349477,0.8252027378348019,,False
SO289-41169,0,0,0,0,0,0,C_Nov21-22_0811,data/TA_ONLY/SO289_TA_only.dbs,2022-11-22 15:55:00,19318.663194444445,34.6428,,1.2523636960603066,5.197016273822802,,False
SO289-03042022-21-00,0,0,0,0,0,0,C_Nov21-22_0811,data/TA_ONLY/SO289_TA_only.dbs,2022-11-22 16:10:00,19318.67361111111,,,,,,False
SO289-40388,0,0,0,0,0,0,C_Nov21-22_0811,data/TA_ONLY/SO289_TA_only.dbs,2022-11-22 16:25:00,19318.684027777777,34.6542,,2.4304637774940625,110.91921608342577,,False
SO289-41180,0,0,0,0,0,0,C_Nov21-22_0811,data/TA_ONLY/SO289_TA_only.dbs,2022-11-22 16:39:00,19318.69375,35.6836,,0.3309080496471778,0.5954392633769275,,False
SO289-25032022-05-25,0,0,0,0,0,0,C_Nov21-22_0811,data/TA_ONLY/SO289_TA_only.dbs,2022-11-22 16:54:00,19318.704166666666,,,,,,False
NUTSLAB02,22,11,22,0,0,0,C_Nov21-22_0811,data/TA_ONLY/SO289_TA_only.dbs,2022-11-22 17:09:00,19318.714583333334,,,,,,False
SO289-18032022-07-45,0,0,0,0,0,0,C_Nov21-22_0811,data/TA_ONLY/SO289_TA_only.dbs,2022-11-22 17:24:00,19318.725,,,,,,False
SO289-41205,0,0,0,0,0,0,C_Nov21-22_0811,data/TA_ONLY/SO289_TA_only.dbs,2022-11-22 17:38:00,19318.734722222223,34.3765,,2.2042823068606445,38.67460207010552,,False
SO289-02032022-02-09,0,0,0,0,0,0,C_Nov21-22_0811,data/TA_ONLY/SO289_TA_only.dbs,2022-11-22 17:52:00,19318.744444444445,,,,,,False
SO289-23032022-23-50,0,0,0,0,0,0,C_Nov21-22_0811,data/TA_ONLY/SO289_TA_only.dbs,2022-11-22 18:07:00,19318.754861111112,,,,,,False
SO289-41160,0,0,0,0,0,0,C_Nov21-22_0811,data/TA_ONLY/SO289_TA_only.dbs,2022-11-22 18:22:00,19318.765277777777,34.5565,,2.4716713862447355,86.32776365435417,,False
SO289-41199,0,0,0,0,0,0,C_Nov21-22_0811,data/TA_ONLY/SO289_TA_only.dbs,2022-11-22 18:36:00,19318.775,34.6134,,2.468636493708076,104.1242933590696,,False
SO289-01042022-23-00,0,0,0,0,0,0,C_Nov21-22_0811,data/TA_ONLY/SO289_TA_only.dbs,2022-11-22 18:51:00,19318.785416666666,,,,,,False
SO289-41288,0,0,0,0,0,0,C_Nov21-22_0811,data/TA_ONLY/SO289_TA_only.dbs,2022-11-22 19:06:00,19318.795833333334,35.1799,,0.0380832730304843,0.096672923846614,,False
SO289-41217,0,0,0,0,0,0,C_Nov21-22_0811,data/TA_ONLY/SO289_TA_only.dbs,2022-11-22 19:20:00,19318.805555555555,34.4041,,2.147568017927904,41.19949982346038,,False
SO289-28022022-16-20,0,0,0,0,0,0,C_Nov21-22_0811,data/TA_ONLY/SO289_TA_only.dbs,2022-11-22 19:35:00,19318.815972222223,,,,,,False
NUTSLAB03,22,11,22,0,0,0,C_Nov21-22_0811,data/TA_ONLY/SO289_TA_only.dbs,2022-11-22 19:50:00,19318.82638888889,,,,,,False
CRM-198-1232-02,666,0,0,0,0,0,C_Nov21-22_0811,data/TA_ONLY/SO289_TA_only.dbs,2022-11-22 20:04:00,19318.83611111111,33.504,2200.67,0.67,3.8,0.0,True
JUNK01,23,11,22,0,0,0,C_Nov21-22_0811,data/TA_ONLY/SO289_TA_only.dbs,2022-11-23 08:20:00,19319.347222222223,,,,,,False
JUNK02,23,11,22,0,0,0,C_Nov21-22_0811,data/TA_ONLY/SO289_TA_only.dbs,2022-11-23 08:34:00,19319.356944444444,,,,,,False
JUNK03,23,11,22,0,0,0,C_Nov21-22_0811,data/TA_ONLY/SO289_TA_only.dbs,2022-11-23 08:49:00,19319.36736111111,,,,,,False
CRM-198-0366-02,666,0,0,0,0,0,C_Nov21-22_0811,data/TA_ONLY/SO289_TA_only.dbs,2022-11-23 09:05:00,19319.378472222223,33.504,2200.67,0.67,3.8,0.0,True
NUTSLAB01,23,11,22,0,0,0,C_Nov21-22_0811,data/TA_ONLY/SO289_TA_only.dbs,2022-11-23 09:28:00,19319.394444444446,,,,,,False
SO289-01032022-17-20,0,0,0,0,0,0,C_Nov21-22_0811,data/TA_ONLY/SO289_TA_only.dbs,2022-11-23 09:43:00,19319.40486111111,,,,,,False
SO289-17032022-19-30,0,0,0,0,0,0,C_Nov21-22_0811,data/TA_ONLY/SO289_TA_only.dbs,2022-11-23 09:57:00,19319.414583333335,,,,,,False
SO289-41282,0,0,0,0,0,0,C_Nov21-22_0811,data/TA_ONLY/SO289_TA_only.dbs,2022-11-23 10:12:00,19319.425,35.2251,,0.7889808822794628,2.702845398699941,,False
SO289-40977,0,0,0,0,0,0,C_Nov21-22_0811,data/TA_ONLY/SO289_TA_only.dbs,2022-11-23 10:27:00,19319.435416666667,34.7216,,2.21153346736312,119.21865065868673,,False
SO289-01042022-13-30,0,0,0,0,0,0,C_Nov21-22_0811,data/TA_ONLY/SO289_TA_only.dbs,2022-11-23 10:42:00,19319.445833333335,,,,,,False
SO289-01032022-00-58,0,0,0,0,0,0,C_Nov21-22_0811,data/TA_ONLY/SO289_TA_only.dbs,2022-11-23 10:57:00,19319.45625,,,,,,False
SO289-41280,0,0,0,0,0,0,C_Nov21-22_0811,data/TA_ONLY/SO289_TA_only.dbs,2022-11-23 11:11:00,19319.46597222222,34.3686,,1.90433127616946,19.381382859978142,,False
SO289-24032022-00-00,0,0,0,0,0,0,C_Nov21-22_0811,data/TA_ONLY/SO289_TA_only.dbs,2022-11-23 11:26:00,19319.47638888889,,,,,,False
SO289-41266,0,0,0,0,0,0,C_Nov21-22_0811,data/TA_ONLY/SO289_TA_only.dbs,2022-11-23 11:41:00,19319.486805555556,34.6933,,2.472397769208789,124.083890412385,,False
SO289-41240,0,0,0,0,0,0,C_Nov21-22_0811,data/TA_ONLY/SO289_TA_only.dbs,2022-11-23 11:55:00,19319.496527777777,34.9967,,0.0224624140816759,0.0947327898227201,,False
NUTSLAB02,23,11,22,0,0,0,C_Nov21-22_0811,data/TA_ONLY/SO289_TA_only.dbs,2022-11-23 12:10:00,19319.506944444445,,,,,,False
SO289-41011,0,0,0,0,0,0,C_Nov21-22_0811,data/TA_ONLY/SO289_TA_only.dbs,2022-11-23 12:25:00,19319.51736111111,34.5007,,2.411200451000754,72.41905730568513,,False
SO289-41216,0,0,0,0,0,0,C_Nov21-22_0811,data/TA_ONLY/SO289_TA_only.dbs,2022-11-23 12:40:00,19319.527777777777,35.4681,,0.0195257150771507,0.1269171480014796,,False
SO289-41022,0,0,0,0,0,0,C_Nov21-22_0811,data/TA_ONLY/SO289_TA_only.dbs,2022-11-23 12:55:00,19319.538194444445,35.0445,,0.0292977636183164,0.1894588713984463,,False
SO289-41159,0,0,0,0,0,0,C_Nov21-22_0811,data/TA_ONLY/SO289_TA_only.dbs,2022-11-23 13:10:00,19319.54861111111,34.6057,,2.5165191456071283,102.7669829352824,,False
SO289-30359,0,0,0,0,0,0,C_Nov21-22_0811,data/TA_ONLY/SO289_TA_only.dbs,2022-11-23 13:26:00,19319.55972222222,,,,,,False
SO289-41146,0,0,0,0,0,0,C_Nov21-22_0811,data/TA_ONLY/SO289_TA_only.dbs,2022-11-23 13:41:00,19319.57013888889,34.7227,,2.2769789363239448,120.47181991284089,,False
SO289-40382,0,0,0,0,0,0,C_Nov21-22_0811,data/TA_ONLY/SO289_TA_only.dbs,2022-11-23 13:56:00,19319.580555555556,34.6995,,2.404984334819674,118.87480042941128,,False
SO289-41157,0,0,0,0,0,0,C_Nov21-22_0811,data/TA_ONLY/SO289_TA_only.dbs,2022-11-23 14:10:00,19319.590277777777,34.6479,,2.877885733199406,117.39839570899696,,False
SO289-03032022-13-00,0,0,0,0,0,0,C_Nov21-22_0811,data/TA_ONLY/SO289_TA_only.dbs,2022-11-23 14:25:00,19319.600694444445,,,,,,False
SO289-41119,0,0,0,0,0,0,C_Nov21-22_0811,data/TA_ONLY/SO289_TA_only.dbs,2022-11-23 14:40:00,19319.61111111111,34.3267,,1.8604203687724328,15.244894219321166,,False
NUTSLAB03,23,11,22,0,0,0,C_Nov21-22_0811,data/TA_ONLY/SO289_TA_only.dbs,2022-11-23 14:55:00,19319.621527777777,,,,,,False
SO289-04032022-07-00,0,0,0,0,0,0,C_Nov21-22_0811,data/TA_ONLY/SO289_TA_only.dbs,2022-11-23 15:09:00,19319.63125,,,,,,False
SO289-29032022-13-20,0,0,0,0,0,0,C_Nov21-22_0811,data/TA_ONLY/SO289_TA_only.dbs,2022-11-23 15:24:00,19319.641666666666,,,,,,False
SO289-41010,0,0,0,0,0,0,C_Nov21-22_0811,data/TA_ONLY/SO289_TA_only.dbs,2022-11-23 15:40:00,19319.652777777777,34.5572,,2.4374770398666588,86.56413950760121,,False
SO289-05032022-17-05,0,0,0,0,0,0,C_Nov21-22_0811,data/TA_ONLY/SO289_TA_only.dbs,2022-11-23 15:54:00,19319.6625,,,,,,False
SO289-03042022-19-00,0,0,0,0,0,0,C_Nov21-22_0811,data/TA_ONLY/SO289_TA_only.dbs,2022-11-23 16:09:00,19319.672916666666,,,,,,False
SO289-41081,0,0,0,0,0,0,C_Nov21-22_0811,data/TA_ONLY/SO289_TA_only.dbs,2022-11-23 16:24:00,19319.683333333334,34.6241,,2.5135541558700605,110.12063436473088,,False
SO289-41176,0,0,0,0,0,0,C_Nov21-22_0811,data/TA_ONLY/SO289_TA_only.dbs,2022-11-23 16:38:00,19319.693055555555,35.5335,,0.4764043705184329,1.106078179912673,,False
SO289-26032022-23-01,0,0,0,0,0,0,C_Nov21-22_0811,data/TA_ONLY/SO289_TA_only.dbs,2022-11-23 16:53:00,19319.703472222223,,,,,,False
SO289-41099,0,0,0,0,0,0,C_Nov21-22_0811,data/TA_ONLY/SO289_TA_only.dbs,2022-11-23 17:07:00,19319.713194444445,34.7199,,2.2388874074225247,119.83127129936771,,False
SO289-41000,0,0,0,0,0,0,C_Nov21-22_0811,data/TA_ONLY/SO289_TA_only.dbs,2022-11-23 17:22:00,19319.723611111112,34.8739,,0.0293014661959395,0.2344117295675162,,False
NUTSLAB04,23,11,22,0,0,0,C_Nov21-22_0811,data/TA_ONLY/SO289_TA_only.dbs,2022-11-23 17:36:00,19319.733333333334,,,,,,False
SO289-41009,0,0,0,0,0,0,C_Nov21-22_0811,data/TA_ONLY/SO289_TA_only.dbs,2022-11-23 17:51:00,19319.74375,34.6163,,2.4842616213912456,105.46340222592792,,False
SO289-41001,0,0,0,0,0,0,C_Nov21-22_0811,data/TA_ONLY/SO289_TA_only.dbs,2022-11-23 18:06:00,19319.754166666666,34.7215,,2.19785806986264,117.00028807816336,,False
SO289-41068,0,0,0,0,0,0,C_Nov21-22_0811,data/TA_ONLY/SO289_TA_only.dbs,2022-11-23 18:20:00,19319.76388888889,34.5584,,2.453105974471044,88.25417539458013,,False
SO289-41117,0,0,0,0,0,0,C_Nov21-22_0811,data/TA_ONLY/SO289_TA_only.dbs,2022-11-23 18:35:00,19319.774305555555,34.6185,,2.532125689565352,108.4642682047652,,False
SO289-30032022-05-40,0,0,0,0,0,0,C_Nov21-22_0811,data/TA_ONLY/SO289_TA_only.dbs,2022-11-23 18:49:00,19319.78402777778,,,,,,False
SO289-31032022-NA-NA,0,0,0,0,0,0,C_Nov21-22_0811,data/TA_ONLY/SO289_TA_only.dbs,2022-11-23 19:05:00,19319.79513888889,,,,,,False
SO289-28032022-12-00,0,0,0,0,0,0,C_Nov21-22_0811,data/TA_ONLY/SO289_TA_only.dbs,2022-11-23 19:20:00,19319.805555555555,,,,,,False
SO289-26032022-07-08,0,0,0,0,0,0,C_Nov21-22_0811,data/TA_ONLY/SO289_TA_only.dbs,2022-11-23 19:35:00,19319.815972222223,,,,,,False
SO289-40988,0,0,0,0,0,0,C_Nov21-22_0811,data/TA_ONLY/SO289_TA_only.dbs,2022-11-23 19:50:00,19319.82638888889,34.3538,,2.211159018933064,33.64518323373447,,False
SO289-31032022-21-30,0,0,0,0,0,0,C_Nov21-22_0811,data/TA_ONLY/SO289_TA_only.dbs,2022-11-23 20:04:00,19319.83611111111,,,,,,False
NUTSLAB05,23,11,22,0,0,0,C_Nov21-22_0811,data/TA_ONLY/SO289_TA_only.dbs,2022-11-23 20:19:00,19319.84652777778,,,,,,False
SO289-02032022-12-00,0,0,0,0,0,0,C_Nov21-22_0811,data/TA_ONLY/SO289_TA_only.dbs,2022-11-23 20:33:00,19319.85625,,,,,,False
SO289-25032022-20-30,0,0,0,0,0,0,C_Nov21-22_0811,data/TA_ONLY/SO289_TA_only.dbs,2022-11-23 20:48:00,19319.866666666665,,,,,,False
SO289-03042022-21-00,0,0,0,0,0,0,C_Nov21-22_0811,data/TA_ONLY/SO289_TA_only.dbs,2022-11-23 21:03:00,19319.877083333333,,,,,,False
SO289-28032022-21-45,0,0,0,0,0,0,C_Nov21-22_0811,data/TA_ONLY/SO289_TA_only.dbs,2022-11-23 21:18:00,19319.8875,,,,,,False
SO289-41204,0,0,0,0,0,0,C_Nov21-22_0811,data/TA_ONLY/SO289_TA_only.dbs,2022-11-23 21:32:00,19319.897222222222,34.5432,,2.4199171321425945,83.66641227157521,,False
SO289-41083,0,0,0,0,0,0,C_Nov21-22_0811,data/TA_ONLY/SO289_TA_only.dbs,2022-11-23 21:47:00,19319.90763888889,34.5158,,2.427782048780548,76.0174219048554,,False
SO289-04032022-02-16,0,0,0,0,0,0,C_Nov21-22_0811,data/TA_ONLY/SO289_TA_only.dbs,2022-11-23 22:01:00,19319.91736111111,,,,,,False
SO289-03032022-02-54,0,0,0,0,0,0,C_Nov21-22_0811,data/TA_ONLY/SO289_TA_only.dbs,2022-11-23 22:15:00,19319.927083333332,,,,,,False
SO289-41031,0,0,0,0,0,0,C_Nov21-22_0811,data/TA_ONLY/SO289_TA_only.dbs,2022-11-23 22:30:00,19319.9375,34.8235,,0.963077476985164,2.937093279203233,,False
SO289-41008,0,0,0,0,0,0,C_Nov21-22_0811,data/TA_ONLY/SO289_TA_only.dbs,2022-11-23 22:45:00,19319.947916666668,34.6396,,2.5223172608863496,115.64853947716132,,False
NUTSLAB06,23,11,22,0,0,0,C_Nov21-22_0811,data/TA_ONLY/SO289_TA_only.dbs,2022-11-23 22:59:00,19319.95763888889,,,,,,False
CRM-198-0307-02,666,0,0,0,0,0,C_Nov21-22_0811,data/TA_ONLY/SO289_TA_only.dbs,2022-11-23 23:13:00,19319.96736111111,33.504,2200.67,0.67,3.8,0.0,True
JUNK02,24,11,22,0,0,0,C_Nov21-22_0811,data/TA_ONLY/SO289_TA_only.dbs,2022-11-24 08:05:00,19320.336805555555,,,,,,False
JUNK03,24,11,22,0,0,0,C_Nov21-22_0811,data/TA_ONLY/SO289_TA_only.dbs,2022-11-24 08:20:00,19320.347222222223,,,,,,False
CRM-198-0862-02,666,0,0,0,0,0,C_Nov21-22_0811,data/TA_ONLY/SO289_TA_only.dbs,2022-11-24 08:36:00,19320.358333333334,33.504,2200.67,0.67,3.8,0.0,True
NUTSLAB01,24,11,22,0,0,0,C_Nov21-22_0811,data/TA_ONLY/SO289_TA_only.dbs,2022-11-24 08:50:00,19320.368055555555,,,,,,False
SO289-06032022-05-52,0,0,0,0,0,0,C_Nov21-22_0811,data/TA_ONLY/SO289_TA_only.dbs,2022-11-24 09:05:00,19320.378472222223,,,,,,False
SO289-41032,0,0,0,0,0,0,C_Nov21-22_0811,data/TA_ONLY/SO289_TA_only.dbs,2022-11-24 09:20:00,19320.38888888889,35.2026,,0.6044397344440495,1.417845709875218,,False
SO289-41281,0,0,0,0,0,0,C_Nov21-22_0811,data/TA_ONLY/SO289_TA_only.dbs,2022-11-24 09:34:00,19320.39861111111,34.5137,,1.465464281051275,7.487545499984647,,False
SO289-04032022-15-35,0,0,0,0,0,0,C_Nov21-22_0811,data/TA_ONLY/SO289_TA_only.dbs,2022-11-24 09:49:00,19320.40902777778,,,,,,False
SO289-41178,0,0,0,0,0,0,C_Nov21-22_0811,data/TA_ONLY/SO289_TA_only.dbs,2022-11-24 10:03:00,19320.41875,35.5931,,0.4100020557526005,0.8649090985638194,,False
SO289-41239,0,0,0,0,0,0,C_Nov21-22_0811,data/TA_ONLY/SO289_TA_only.dbs,2022-11-24 10:18:00,19320.429166666665,35.0002,,0.0292987250173958,0.1064520342298716,,False
SO289-41244,0,0,0,0,0,0,C_Nov21-22_0811,data/TA_ONLY/SO289_TA_only.dbs,2022-11-24 10:33:00,19320.439583333333,34.6909,,2.4694716209117007,123.93269958270074,,False
SO289-41080,0,0,0,0,0,0,C_Nov21-22_0811,data/TA_ONLY/SO289_TA_only.dbs,2022-11-24 10:47:00,19320.449305555554,34.6375,,2.542835803157499,116.56406212230468,,False
SO289-40372,0,0,0,0,0,0,C_Nov21-22_0811,data/TA_ONLY/SO289_TA_only.dbs,2022-11-24 11:03:00,19320.460416666665,34.2815,,1.7911054240914872,7.493719311160729,,False
SO289-41192,0,0,0,0,0,0,C_Nov21-22_0811,data/TA_ONLY/SO289_TA_only.dbs,2022-11-24 11:17:00,19320.47013888889,35.0327,,0.0234384157585819,0.0849642571248594,,False
NUTSLAB02,24,11,22,0,0,0,C_Nov21-22_0811,data/TA_ONLY/SO289_TA_only.dbs,2022-11-24 11:32:00,19320.480555555554,,,,,,False
SO289-02032022-01-10,0,0,0,0,0,0,C_Nov21-22_0811,data/TA_ONLY/SO289_TA_only.dbs,2022-11-24 11:49:00,19320.49236111111,,,,,,False
SO289-41073,0,0,0,0,0,0,C_Nov21-22_0811,data/TA_ONLY/SO289_TA_only.dbs,2022-11-24 12:04:00,19320.50277777778,34.7212,,2.2017658623965675,120.01968332523472,,False
SO289-40377,0,0,0,0,0,0,C_Nov21-22_0811,data/TA_ONLY/SO289_TA_only.dbs,2022-11-24 12:18:00,19320.5125,34.7121,,0.1807140329795822,,,False
SO289-41116,0,0,0,0,0,0,C_Nov21-22_0811,data/TA_ONLY/SO289_TA_only.dbs,2022-11-24 12:42:00,19320.529166666667,34.6507,,2.549649078057337,121.20015764961526,,False
SO289-02042022-20-50,0,0,0,0,0,0,C_Nov21-22_0811,data/TA_ONLY/SO289_TA_only.dbs,2022-11-24 12:57:00,19320.539583333335,,,,,,False
NUTSLAB03,24,11,22,0,0,0,C_Nov21-22_0811,data/TA_ONLY/SO289_TA_only.dbs,2022-11-24 13:12:00,19320.55,,,,,,False
NUTSLAB04,24,11,22,0,0,0,C_Nov21-22_0811,data/TA_ONLY/SO289_TA_only.dbs,2022-11-24 13:30:00,19320.5625,,,,,,False
SO289-41194,0,0,0,0,0,0,C_Nov21-22_0811,data/TA_ONLY/SO289_TA_only.dbs,2022-11-24 13:44:00,19320.57222222222,34.6345,,2.456875242914488,109.21616387985677,,False
SO289-41030,0,0,0,0,0,0,C_Nov21-22_0811,data/TA_ONLY/SO289_TA_only.dbs,2022-11-24 14:00:00,19320.583333333332,34.4173,,1.4411427893767217,6.078202910313617,,False
SO289-29032022-18-30,0,0,0,0,0,0,C_Nov21-22_0811,data/TA_ONLY/SO289_TA_only.dbs,2022-11-24 14:14:00,19320.593055555557,,,,,,False
SO289-41158,0,0,0,0,0,0,C_Nov21-22_0811,data/TA_ONLY/SO289_TA_only.dbs,2022-11-24 14:29:00,19320.60347222222,34.6285,,2.534060718365134,111.25737901075048,,False
SO289-41179,0,0,0,0,0,0,C_Nov21-22_0811,data/TA_ONLY/SO289_TA_only.dbs,2022-11-24 14:45:00,19320.614583333332,35.655,,0.3523903727306329,0.6813531306536891,,False
SO289-41203,0,0,0,0,0,0,C_Nov21-22_0811,data/TA_ONLY/SO289_TA_only.dbs,2022-11-24 15:01:00,19320.625694444443,34.5792,,2.445252746106701,93.22733691898377,,False
SO289-41118,0,0,0,0,0,0,C_Nov21-22_0811,data/TA_ONLY/SO289_TA_only.dbs,2022-11-24 15:17:00,19320.636805555554,34.501,,2.417061827411561,72.6564486584248,,False
SO289-18032022-23-00,0,0,0,0,0,0,C_Nov21-22_0811,data/TA_ONLY/SO289_TA_only.dbs,2022-11-24 15:32:00,19320.647222222222,,,,,,False
NUTSLAB05,24,11,22,0,0,0,C_Nov21-22_0811,data/TA_ONLY/SO289_TA_only.dbs,2022-11-24 15:57:00,19320.664583333335,,,,,,False
CRM-198-1041-02,666,0,0,0,0,0,C_Nov21-22_0811,data/TA_ONLY/SO289_TA_only.dbs,2022-11-24 16:13:00,19320.675694444446,33.504,2200.67,0.67,3.8,0.0,True
NUTSLAB01,25,11,22,0,0,0,C_Nov21-22_0811,data/TA_ONLY/SO289_TA_only.dbs,2022-11-25 08:33:00,19321.35625,,,,,,False
CRM-195-0421-02,666,0,0,0,0,0,C_Nov21-22_0811,data/TA_ONLY/SO289_TA_only.dbs,2022-11-25 08:49:00,19321.36736111111,33.485,2213.51,0.49,3.6,0.0,True
NUTSLAB02,25,11,22,0,0,0,C_Nov21-22_0811,data/TA_ONLY/SO289_TA_only.dbs,2022-11-25 09:06:00,19321.379166666666,,,,,,False
AE-EXP6-I1,0,0,0,0,0,0,C_Nov21-22_0811,data/TA_ONLY/SO289_TA_only.dbs,2022-11-25 09:22:00,19321.390277777777,,,,,,False
AE-HL-E2-I1,0,0,0,0,0,0,C_Nov21-22_0811,data/TA_ONLY/SO289_TA_only.dbs,2022-11-25 09:37:00,19321.400694444445,,,,,,False
AE-EXP6-I2,0,0,0,0,0,0,C_Nov21-22_0811,data/TA_ONLY/SO289_TA_only.dbs,2022-11-25 09:51:00,19321.410416666666,,,,,,False
AE-HL-E2-I2,0,0,0,0,0,0,C_Nov21-22_0811,data/TA_ONLY/SO289_TA_only.dbs,2022-11-25 10:06:00,19321.420833333334,,,,,,False
AE-EXP2-NaOH1,0,0,0,0,0,0,C_Nov21-22_0811,data/TA_ONLY/SO289_TA_only.dbs,2022-11-25 10:21:00,19321.43125,,,,,,False
AE-HL-E2-C1,0,0,0,0,0,0,C_Nov21-22_0811,data/TA_ONLY/SO289_TA_only.dbs,2022-11-25 10:37:00,19321.442361111112,,,,,,False
AE-EXP6-I3,0,0,0,0,0,0,C_Nov21-22_0811,data/TA_ONLY/SO289_TA_only.dbs,2022-11-25 10:51:00,19321.452083333334,,,,,,False
AE-EXP2-NaOH2,0,0,0,0,0,0,C_Nov21-22_0811,data/TA_ONLY/SO289_TA_only.dbs,2022-11-25 11:06:00,19321.4625,,,,,,False
AE-HL-E2-I3,0,0,0,0,0,0,C_Nov21-22_0811,data/TA_ONLY/SO289_TA_only.dbs,2022-11-25 11:22:00,19321.473611111112,,,,,,False
AE-EXP2-NaOH3,0,0,0,0,0,0,C_Nov21-22_0811,data/TA_ONLY/SO289_TA_only.dbs,2022-11-25 11:36:00,19321.483333333334,,,,,,False
NUTSLAB03,24,11,22,0,0,0,C_Nov21-22_0811,data/TA_ONLY/SO289_TA_only.dbs,2022-11-25 11:56:00,19321.49722222222,,,,,,False
AE-EXP1-NaOH1,0,0,0,0,0,0,C_Nov21-22_0811,data/TA_ONLY/SO289_TA_only.dbs,2022-11-25 12:11:00,19321.50763888889,,,,,,False
AE-HL-E1-C2,0,0,0,0,0,0,C_Nov21-22_0811,data/TA_ONLY/SO289_TA_only.dbs,2022-11-25 12:27:00,19321.51875,,,,,,False
AE-HL-E1-C3,0,0,0,0,0,0,C_Nov21-22_0811,data/TA_ONLY/SO289_TA_only.dbs,2022-11-25 12:42:00,19321.529166666667,,,,,,False
AE-EXP1-NaOH3,0,0,0,0,0,0,C_Nov21-22_0811,data/TA_ONLY/SO289_TA_only.dbs,2022-11-25 12:57:00,19321.539583333335,,,,,,False
AE-HL-E2-C2,0,0,0,0,0,0,C_Nov21-22_0811,data/TA_ONLY/SO289_TA_only.dbs,2022-11-25 13:14:00,19321.55138888889,,,,,,False
AE-HL-E1-I3,0,0,0,0,0,0,C_Nov21-22_0811,data/TA_ONLY/SO289_TA_only.dbs,2022-11-25 13:29:00,19321.561805555557,,,,,,False
AE-HL-E2-C3,0,0,0,0,0,0,C_Nov21-22_0811,data/TA_ONLY/SO289_TA_only.dbs,2022-11-25 13:44:00,19321.57222222222,,,,,,False
AE-HL-E1-C1,0,0,0,0,0,0,C_Nov21-22_0811,data/TA_ONLY/SO289_TA_only.dbs,2022-11-25 13:58:00,19321.581944444446,,,,,,False
AE-EXP11-NaOH3,0,0,0,0,0,0,C_Nov21-22_0811,data/TA_ONLY/SO289_TA_only.dbs,2022-11-25 14:13:00,19321.59236111111,,,,,,False
AE-HL-E3-I2,0,0,0,0,0,0,C_Nov21-22_0811,data/TA_ONLY/SO289_TA_only.dbs,2022-11-25 14:28:00,19321.602777777778,,,,,,False
NUTSLAB04,25,11,22,0,0,0,C_Nov21-22_0811,data/TA_ONLY/SO289_TA_only.dbs,2022-11-25 14:43:00,19321.613194444446,,,,,,False
AE-EXP1-NaOH2,0,0,0,0,0,0,C_Nov21-22_0811,data/TA_ONLY/SO289_TA_only.dbs,2022-11-25 14:57:00,19321.622916666667,,,,,,False
AE-EXP11-C3,0,0,0,0,0,0,C_Nov21-22_0811,data/TA_ONLY/SO289_TA_only.dbs,2022-11-25 15:15:00,19321.635416666668,,,,,,False
AE-HL-E3-I1,0,0,0,0,0,0,C_Nov21-22_0811,data/TA_ONLY/SO289_TA_only.dbs,2022-11-25 15:30:00,19321.645833333332,,,,,,False
AE-EXP11-NaOH2,0,0,0,0,0,0,C_Nov21-22_0811,data/TA_ONLY/SO289_TA_only.dbs,2022-11-25 15:46:00,19321.656944444443,,,,,,False
AE-EXP11-C1,0,0,0,0,0,0,C_Nov21-22_0811,data/TA_ONLY/SO289_TA_only.dbs,2022-11-25 16:01:00,19321.66736111111,,,,,,False
NUTSLAB05,25,11,22,0,0,0,C_Nov21-22_0811,data/TA_ONLY/SO289_TA_only.dbs,2022-11-25 16:16:00,19321.67777777778,,,,,,False
CRM-195-0332-02,666,0,0,0,0,0,C_Nov21-22_0811,data/TA_ONLY/SO289_TA_only.dbs,2022-11-25 16:47:00,19321.699305555554,33.485,2213.51,0.49,3.6,0.0,True
JUNK01,30,11,22,0,0,0,C_Nov21-22_0811,data/TA_ONLY/SO289_TA_only.dbs,2022-11-30 07:52:00,19326.327777777777,,,,,,False
JUNK02,30,11,22,0,0,0,C_Nov21-22_0811,data/TA_ONLY/SO289_TA_only.dbs,2022-11-30 08:07:00,19326.338194444445,,,,,,False
CRM-198-0551-02,666,0,0,0,0,0,C_Nov21-22_0811,data/TA_ONLY/SO289_TA_only.dbs,2022-11-30 08:24:00,19326.35,33.504,2200.67,0.67,3.8,0.0,True
NUTSLAB01,30,11,22,0,0,0,C_Nov21-22_0811,data/TA_ONLY/SO289_TA_only.dbs,2022-11-30 08:40:00,19326.36111111111,,,,,,False
AE-EXP11-NaOH1,0,0,0,0,0,0,C_Nov21-22_0811,data/TA_ONLY/SO289_TA_only.dbs,2022-11-30 08:56:00,19326.37222222222,,,,,,False
AE-EXP4-C2,0,0,0,0,0,0,C_Nov21-22_0811,data/TA_ONLY/SO289_TA_only.dbs,2022-11-30 09:13:00,19326.384027777778,,,,,,False
AE-EXP4-NaOH3,0,0,0,0,0,0,C_Nov21-22_0811,data/TA_ONLY/SO289_TA_only.dbs,2022-11-30 09:29:00,19326.39513888889,,,,,,False
AE-EXP4-NaOH2,0,0,0,0,0,0,C_Nov21-22_0811,data/TA_ONLY/SO289_TA_only.dbs,2022-11-30 09:46:00,19326.406944444443,,,,,,False
AE-EXP4-C1,0,0,0,0,0,0,C_Nov21-22_0811,data/TA_ONLY/SO289_TA_only.dbs,2022-11-30 10:01:00,19326.41736111111,,,,,,False
AE-EXP4-C3,0,0,0,0,0,0,C_Nov21-22_0811,data/TA_ONLY/SO289_TA_only.dbs,2022-11-30 10:16:00,19326.42777777778,,,,,,False
AE-EXP4-NaOH1,0,0,0,0,0,0,C_Nov21-22_0811,data/TA_ONLY/SO289_TA_only.dbs,2022-11-30 10:32:00,19326.43888888889,,,,,,False
AE-EXP11-C2,0,0,0,0,0,0,C_Nov21-22_0811,data/TA_ONLY/SO289_TA_only.dbs,2022-11-30 10:48:00,19326.45,,,,,,False
AE-EXP9-C2,0,0,0,0,0,0,C_Nov21-22_0811,data/TA_ONLY/SO289_TA_only.dbs,2022-11-30 11:03:00,19326.460416666665,,,,,,False
AE-EXP9-NaOH2,0,0,0,0,0,0,C_Nov21-22_0811,data/TA_ONLY/SO289_TA_only.dbs,2022-11-30 11:18:00,19326.470833333333,,,,,,False
NUTSLAB02,30,11,22,0,0,0,C_Nov21-22_0811,data/TA_ONLY/SO289_TA_only.dbs,2022-11-30 11:33:00,19326.48125,,,,,,False
AE-EXP9-NaOH1,0,0,0,0,0,0,C_Nov21-22_0811,data/TA_ONLY/SO289_TA_only.dbs,2022-11-30 11:48:00,19326.491666666665,,,,,,False
AE-EXP9-NaOH3,0,0,0,0,0,0,C_Nov21-22_0811,data/TA_ONLY/SO289_TA_only.dbs,2022-11-30 12:04:00,19326.50277777778,,,,,,False
AE-EXP9-C3,0,0,0,0,0,0,C_Nov21-22_0811,data/TA_ONLY/SO289_TA_only.dbs,2022-11-30 12:33:00,19326.522916666665,,,,,,False
AE-EXP7-NaOH2,0,0,0,0,0,0,C_Nov21-22_0811,data/TA_ONLY/SO289_TA_only.dbs,2022-11-30 12:51:00,19326.535416666666,,,,,,False
AE-EXP7-NaOH3,0,0,0,0,0,0,C_Nov21-22_0811,data/TA_ONLY/SO289_TA_only.dbs,2022-11-30 13:06:00,19326.545833333334,,,,,,False
AE-EXP7-C1,0,0,0,0,0,0,C_Nov21-22_0811,data/TA_ONLY/SO289_TA_only.dbs,2022-11-30 13:22:00,19326.556944444445,,,,,,False
AE-EXP7-NaOH1,0,0,0,0,0,0,C_Nov21-22_0811,data/TA_ONLY/SO289_TA_only.dbs,2022-11-30 13:37:00,19326.567361111112,,,,,,False
AE-EXP9-C1,0,0,0,0,0,0,C_Nov21-22_0811,data/TA_ONLY/SO289_TA_only.dbs,2022-11-30 13:58:00,19326.581944444446,,,,,,False
AE-EXP7-C2,0,0,0,0,0,0,C_Nov21-22_0811,data/TA_ONLY/SO289_TA_only.dbs,2022-11-30 14:13:00,19326.59236111111,,,,,,False
AE-EXP6-C3,0,0,0,0,0,0,C_Nov21-22_0811,data/TA_ONLY/SO289_TA_only.dbs,2022-11-30 14:28:00,19326.602777777778,,,,,,False
NUTSLAB03,30,11,22,0,0,0,C_Nov21-22_0811,data/TA_ONLY/SO289_TA_only.dbs,2022-11-30 14:43:00,19326.613194444446,,,,,,False
AE-EXP6-NaOH1,0,0,0,0,0,0,C_Nov21-22_0811,data/TA_ONLY/SO289_TA_only.dbs,2022-11-30 14:57:00,19326.622916666667,,,,,,False
AE-EXP7-C3,0,0,0,0,0,0,C_Nov21-22_0811,data/TA_ONLY/SO289_TA_only.dbs,2022-11-30 15:13:00,19326.634027777778,,,,,,False
AE-HL-E4-I3,0,0,0,0,0,0,C_Nov21-22_0811,data/TA_ONLY/SO289_TA_only.dbs,2022-11-30 15:28:00,19326.644444444446,,,,,,False
AE-HL-E4-I1,0,0,0,0,0,0,C_Nov21-22_0811,data/TA_ONLY/SO289_TA_only.dbs,2022-11-30 15:43:00,19326.65486111111,,,,,,False
AE-EXP6-C1,0,0,0,0,0,0,C_Nov21-22_0811,data/TA_ONLY/SO289_TA_only.dbs,2022-11-30 15:58:00,19326.665277777778,,,,,,False
AE-EXP6-NaOH2,0,0,0,0,0,0,C_Nov21-22_0811,data/TA_ONLY/SO289_TA_only.dbs,2022-11-30 16:19:00,19326.67986111111,,,,,,False
AE-EXP6-NaOH3,0,0,0,0,0,0,C_Nov21-22_0811,data/TA_ONLY/SO289_TA_only.dbs,2022-11-30 16:35:00,19326.690972222223,,,,,,False
AE-EXP6-C2,0,0,0,0,0,0,C_Nov21-22_0811,data/TA_ONLY/SO289_TA_only.dbs,2022-11-30 16:51:00,19326.702083333334,,,,,,False
AE-HL-E1-I2,0,0,0,0,0,0,C_Nov21-22_0811,data/TA_ONLY/SO289_TA_only.dbs,2022-11-30 17:06:00,19326.7125,,,,,,False
AE-HL-E1-I1,0,0,0,0,0,0,C_Nov21-22_0811,data/TA_ONLY/SO289_TA_only.dbs,2022-11-30 17:20:00,19326.722222222223,,,,,,False
NUTSLAB04,30,11,22,0,0,0,C_Nov21-22_0811,data/TA_ONLY/SO289_TA_only.dbs,2022-11-30 17:35:00,19326.73263888889,,,,,,False
CRM-198-0119-02,666,0,0,0,0,0,C_Nov21-22_0811,data/TA_ONLY/SO289_TA_only.dbs,2022-11-30 17:50:00,19326.743055555555,33.504,2200.67,0.67,3.8,0.0,True
NUTSLAB01,1,12,22,0,0,0,C_Nov21-22_0811,data/TA_ONLY/SO289_TA_only.dbs,2022-12-01 08:22:00,19327.348611111112,,,,,,False
NUTSLAB02,1,12,22,0,0,0,C_Nov21-22_0811,data/TA_ONLY/SO289_TA_only.dbs,2022-12-01 08:37:00,19327.359027777777,,,,,,False
CRM-198-0060-02,666,0,0,0,0,0,C_Nov21-22_0811,data/TA_ONLY/SO289_TA_only.dbs,2022-12-01 08:53:00,19327.370138888888,33.504,2200.67,0.67,3.8,0.0,True
NUTSLAB03,1,12,22,0,0,0,C_Nov21-22_0811,data/TA_ONLY/SO289_TA_only.dbs,2022-12-01 09:08:00,19327.380555555555,,,,,,False
AE-HL-E1-I3,0,0,0,0,0,0,C_Nov21-22_0811,data/TA_ONLY/SO289_TA_only.dbs,2022-12-01 09:23:00,19327.390972222223,,,,,,False
AE-EXP5-NaOH1,0,0,0,0,0,0,C_Nov21-22_0811,data/TA_ONLY/SO289_TA_only.dbs,2022-12-01 09:39:00,19327.402083333334,,,,,,False
AE-EXP5-NaOH3,0,0,0,0,0,0,C_Nov21-22_0811,data/TA_ONLY/SO289_TA_only.dbs,2022-12-01 09:54:00,19327.4125,,,,,,False
AE-EXP5-NaOH2,0,0,0,0,0,0,C_Nov21-22_0811,data/TA_ONLY/SO289_TA_only.dbs,2022-12-01 10:10:00,19327.42361111111,,,,,,False
AE-EXP12-C3,0,0,0,0,0,0,C_Nov21-22_0811,data/TA_ONLY/SO289_TA_only.dbs,2022-12-01 10:26:00,19327.43472222222,,,,,,False
AE-EXP8-I,0,0,0,0,0,0,C_Nov21-22_0811,data/TA_ONLY/SO289_TA_only.dbs,2022-12-01 10:41:00,19327.44513888889,,,,,,False
AE-EXP12-NaOH2,0,0,0,0,0,0,C_Nov21-22_0811,data/TA_ONLY/SO289_TA_only.dbs,2022-12-01 10:56:00,19327.455555555556,,,,,,False
AE-EXP12-NaOH1,0,0,0,0,0,0,C_Nov21-22_0811,data/TA_ONLY/SO289_TA_only.dbs,2022-12-01 11:11:00,19327.46597222222,,,,,,False
AE-EXP12-NaOH3,0,0,0,0,0,0,C_Nov21-22_0811,data/TA_ONLY/SO289_TA_only.dbs,2022-12-01 11:26:00,19327.47638888889,,,,,,False
AE-EXP12-C1,0,0,0,0,0,0,C_Nov21-22_0811,data/TA_ONLY/SO289_TA_only.dbs,2022-12-01 11:42:00,19327.4875,,,,,,False
NUTSLAB04,1,12,11,0,0,0,C_Nov21-22_0811,data/TA_ONLY/SO289_TA_only.dbs,2022-12-01 11:57:00,19327.497916666667,,,,,,False
AE-EXP12-C2,0,0,0,0,0,0,C_Nov21-22_0811,data/TA_ONLY/SO289_TA_only.dbs,2022-12-01 12:12:00,19327.508333333335,,,,,,False
AE-EXP9-I1,0,0,0,0,0,0,C_Nov21-22_0811,data/TA_ONLY/SO289_TA_only.dbs,2022-12-01 12:27:00,19327.51875,,,,,,False
AE-EXP9-I2,0,0,0,0,0,0,C_Nov21-22_0811,data/TA_ONLY/SO289_TA_only.dbs,2022-12-01 12:42:00,19327.529166666667,,,,,,False
AE-EXP7-I2,0,0,0,0,0,0,C_Nov21-22_0811,data/TA_ONLY/SO289_TA_only.dbs,2022-12-01 12:57:00,19327.539583333335,,,,,,False
AE-EXP7-I1,0,0,0,0,0,0,C_Nov21-22_0811,data/TA_ONLY/SO289_TA_only.dbs,2022-12-01 13:12:00,19327.55,,,,,,False
AE-EXP9-I3,0,0,0,0,0,0,C_Nov21-22_0811,data/TA_ONLY/SO289_TA_only.dbs,2022-12-01 13:27:00,19327.560416666667,,,,,,False
AE-EXP7-I3,0,0,0,0,0,0,C_Nov21-22_0811,data/TA_ONLY/SO289_TA_only.dbs,2022-12-01 13:42:00,19327.570833333335,,,,,,False
AE-EXP12-I3,0,0,0,0,0,0,C_Nov21-22_0811,data/TA_ONLY/SO289_TA_only.dbs,2022-12-01 13:57:00,19327.58125,,,,,,False
AE-EXP12-I1,0,0,0,0,0,0,C_Nov21-22_0811,data/TA_ONLY/SO289_TA_only.dbs,2022-12-01 14:13:00,19327.59236111111,,,,,,False
AE-EXP5-I1,0,0,0,0,0,0,C_Nov21-22_0811,data/TA_ONLY/SO289_TA_only.dbs,2022-12-01 14:30:00,19327.604166666668,,,,,,False
NUTSLAB05,1,12,22,0,0,0,C_Nov21-22_0811,data/TA_ONLY/SO289_TA_only.dbs,2022-12-01 14:50:00,19327.618055555555,,,,,,False
AE-EXP5-I2,0,0,0,0,0,0,C_Nov21-22_0811,data/TA_ONLY/SO289_TA_only.dbs,2022-12-01 15:05:00,19327.628472222223,,,,,,False
AE-EXP5-I3,0,0,0,0,0,0,C_Nov21-22_0811,data/TA_ONLY/SO289_TA_only.dbs,2022-12-01 15:20:00,19327.63888888889,,,,,,False
AE-EXP10-I3,0,0,0,0,0,0,C_Nov21-22_0811,data/TA_ONLY/SO289_TA_only.dbs,2022-12-01 15:35:00,19327.649305555555,,,,,,False
AE-EXP10-I1,0,0,0,0,0,0,C_Nov21-22_0811,data/TA_ONLY/SO289_TA_only.dbs,2022-12-01 15:51:00,19327.660416666666,,,,,,False
AE-EXP10-I2,0,0,0,0,0,0,C_Nov21-22_0811,data/TA_ONLY/SO289_TA_only.dbs,2022-12-01 16:06:00,19327.670833333334,,,,,,False
AE-EXP8-C2,0,0,0,0,0,0,C_Nov21-22_0811,data/TA_ONLY/SO289_TA_only.dbs,2022-12-01 16:21:00,19327.68125,,,,,,False
NUTSLAB06,1,12,11,0,0,0,C_Nov21-22_0811,data/TA_ONLY/SO289_TA_only.dbs,2022-12-01 16:36:00,19327.691666666666,,,,,,False
CRM-198-0616-02,666,0,0,0,0,0,C_Nov21-22_0811,data/TA_ONLY/SO289_TA_only.dbs,2022-12-01 16:51:00,19327.702083333334,33.504,2200.67,0.67,3.8,0.0,True
NUTSLAB01,2,12,22,0,0,0,C_Nov21-22_0811,data/TA_ONLY/SO289_TA_only.dbs,2022-12-02 08:23:00,19328.349305555555,,,,,,False
NUTSLAB02,2,12,22,0,0,0,C_Nov21-22_0811,data/TA_ONLY/SO289_TA_only.dbs,2022-12-02 08:39:00,19328.360416666666,,,,,,False
NUTSLAB03,2,12,22,0,0,0,C_Nov21-22_0811,data/TA_ONLY/SO289_TA_only.dbs,2022-12-02 08:59:00,19328.374305555557,,,,,,False
CRM-195-0327-02,666,0,0,0,0,0,C_Nov21-22_0811,data/TA_ONLY/SO289_TA_only.dbs,2022-12-02 09:16:00,19328.38611111111,33.485,2213.51,0.49,3.6,0.0,True
NUTSLAB04,2,12,22,0,0,0,C_Nov21-22_0811,data/TA_ONLY/SO289_TA_only.dbs,2022-12-02 09:31:00,19328.39652777778,,,,,,False
AE-EXP12-I2,0,0,0,0,0,0,C_Nov21-22_0811,data/TA_ONLY/SO289_TA_only.dbs,2022-12-02 09:46:00,19328.406944444443,,,,,,False
AE-EXP8-C1,0,0,0,0,0,0,C_Nov21-22_0811,data/TA_ONLY/SO289_TA_only.dbs,2022-12-02 10:05:00,19328.42013888889,,,,,,False
AE-EXP8-NaOH3,0,0,0,0,0,0,C_Nov21-22_0811,data/TA_ONLY/SO289_TA_only.dbs,2022-12-02 10:23:00,19328.432638888888,,,,,,False
AE-EXP8-NaOH2,0,0,0,0,0,0,C_Nov21-22_0811,data/TA_ONLY/SO289_TA_only.dbs,2022-12-02 10:39:00,19328.44375,,,,,,False
AE-EXP10-C2,0,0,0,0,0,0,C_Nov21-22_0811,data/TA_ONLY/SO289_TA_only.dbs,2022-12-02 10:55:00,19328.45486111111,,,,,,False
AE-EXP10-C1,0,0,0,0,0,0,C_Nov21-22_0811,data/TA_ONLY/SO289_TA_only.dbs,2022-12-02 11:10:00,19328.465277777777,,,,,,False
AE-EXP8-NaOH1,0,0,0,0,0,0,C_Nov21-22_0811,data/TA_ONLY/SO289_TA_only.dbs,2022-12-02 11:25:00,19328.475694444445,,,,,,False
AE-EXP8-C3,0,0,0,0,0,0,C_Nov21-22_0811,data/TA_ONLY/SO289_TA_only.dbs,2022-12-02 11:40:00,19328.48611111111,,,,,,False
AE-EXP11-I2,0,0,0,0,0,0,C_Nov21-22_0811,data/TA_ONLY/SO289_TA_only.dbs,2022-12-02 11:56:00,19328.49722222222,,,,,,False
AE-EXP10-NaOH2,0,0,0,0,0,0,C_Nov21-22_0811,data/TA_ONLY/SO289_TA_only.dbs,2022-12-02 12:11:00,19328.50763888889,,,,,,False
AE-EXP11-I1,0,0,0,0,0,0,C_Nov21-22_0811,data/TA_ONLY/SO289_TA_only.dbs,2022-12-02 12:26:00,19328.518055555556,,,,,,False
NUTSLAB05,2,12,22,0,0,0,C_Nov21-22_0811,data/TA_ONLY/SO289_TA_only.dbs,2022-12-02 12:42:00,19328.529166666667,,,,,,False
AE-EXP11-I3,0,0,0,0,0,0,C_Nov21-22_0811,data/TA_ONLY/SO289_TA_only.dbs,2022-12-02 12:57:00,19328.539583333335,,,,,,False
AE-EXP10-NaOH3,0,0,0,0,0,0,C_Nov21-22_0811,data/TA_ONLY/SO289_TA_only.dbs,2022-12-02 13:13:00,19328.550694444446,,,,,,False
AE-EXP10-NaOH1,0,0,0,0,0,0,C_Nov21-22_0811,data/TA_ONLY/SO289_TA_only.dbs,2022-12-02 13:29:00,19328.561805555557,,,,,,False
AE-EXP10-C3,0,0,0,0,0,0,C_Nov21-22_0811,data/TA_ONLY/SO289_TA_only.dbs,2022-12-02 13:44:00,19328.57222222222,,,,,,False
AE-EXP3-C3,0,0,0,0,0,0,C_Nov21-22_0811,data/TA_ONLY/SO289_TA_only.dbs,2022-12-02 13:59:00,19328.58263888889,,,,,,False
AE-EXP3-NaOH2,0,0,0,0,0,0,C_Nov21-22_0811,data/TA_ONLY/SO289_TA_only.dbs,2022-12-02 14:14:00,19328.593055555557,,,,,,False
AE-EXP3-NaOH1,0,0,0,0,0,0,C_Nov21-22_0811,data/TA_ONLY/SO289_TA_only.dbs,2022-12-02 14:30:00,19328.604166666668,,,,,,False
AE-EXP3-C1,0,0,0,0,0,0,C_Nov21-22_0811,data/TA_ONLY/SO289_TA_only.dbs,2022-12-02 14:46:00,19328.61527777778,,,,,,False
AE-EXP3-NaOH3,0,0,0,0,0,0,C_Nov21-22_0811,data/TA_ONLY/SO289_TA_only.dbs,2022-12-02 15:01:00,19328.625694444443,,,,,,False
SO289-09032022-21-20,0,0,0,0,0,0,C_Nov21-22_0811,data/TA_ONLY/SO289_TA_only.dbs,2022-12-02 15:17:00,19328.636805555554,,,,,,False
NUTSLAB06,2,12,22,0,0,0,C_Nov21-22_0811,data/TA_ONLY/SO289_TA_only.dbs,2022-12-02 15:47:00,19328.65763888889,,,,,,False
CRM-195-0406-02,666,0,0,0,0,0,C_Nov21-22_0811,data/TA_ONLY/SO289_TA_only.dbs,2022-12-02 16:02:00,19328.668055555554,33.485,2213.51,0.49,3.6,0.0,True
